"","100","120","140","160","180","200","220","240","260","280","300","320","340","360","380","400","420","440","460","480","500","520","540","560","580","600","620","640","660","680","700","720","740","760","780","800","820","840","860","880","900","920","940","960","980","1000","1020","1040","1060","1080","1100","1120","1140","1160","1180","1200","1220","1240","1260","1280","1300","1320","1340","1360","1380","1400","1420","1440","1460","1480","1500","1520","1540","1560","1580","1600","1620","1640","1660","1680","1700","1720","1740","1760","1780","1800","1820","1840","1860","1880","1900","1920","1940","1960","1980","2000"
"deu_Auerbach",0.6,0.8,0.733333333333333,0.8,0.833333333333333,0.933333333333333,0.733333333333333,0.766666666666667,0.8,1,0.966666666666667,0.933333333333333,1,1,1,1,1,1,1,1,1,1,1,1,1,1,0.966666666666667,1,1,1,1,1,1,1,1,1,1,1,1,1,1,1,1,1,1,1,1,1,1,1,1,1,1,1,1,1,1,1,1,1,1,1,1,1,1,1,1,1,1,1,1,1,1,1,1,1,1,1,1,1,1,1,1,1,1,1,1,1,1,1,1,1,1,1,1,1
"deu_Dohm",0.7,0.633333333333333,0.6,0.666666666666667,0.733333333333333,0.666666666666667,0.7,0.766666666666667,0.7,0.666666666666667,0.666666666666667,0.766666666666667,0.8,0.733333333333333,0.766666666666667,0.8,0.766666666666667,0.766666666666667,0.866666666666667,0.8,0.8,0.866666666666667,0.9,0.833333333333333,0.933333333333333,0.9,0.9,0.9,0.966666666666667,0.966666666666667,1,0.966666666666667,0.966666666666667,1,1,1,1,1,1,1,1,1,0.966666666666667,1,0.966666666666667,1,0.966666666666667,1,1,1,1,1,1,1,1,1,1,1,1,1,1,1,1,1,1,1,1,1,1,1,1,1,1,1,1,1,1,1,1,1,1,1,1,1,1,1,0.966666666666667,1,1,1,1,1,1,1,1,1
"deu_Ebner-Eschenbach",1,0.933333333333333,1,0.966666666666667,0.9,0.966666666666667,0.966666666666667,0.933333333333333,0.933333333333333,0.933333333333333,0.9,0.866666666666667,0.9,0.933333333333333,0.966666666666667,1,0.966666666666667,1,0.933333333333333,1,1,1,0.9,0.966666666666667,1,0.966666666666667,1,0.933333333333333,0.966666666666667,0.966666666666667,0.966666666666667,0.966666666666667,1,1,1,0.933333333333333,1,1,0.966666666666667,1,0.966666666666667,1,0.966666666666667,1,1,0.9,0.966666666666667,1,1,1,0.966666666666667,0.966666666666667,1,1,1,1,1,1,1,1,1,0.933333333333333,1,1,0.966666666666667,1,1,1,1,1,0.966666666666667,1,1,1,1,1,0.966666666666667,1,1,0.933333333333333,1,1,1,0.966666666666667,1,1,0.966666666666667,1,1,0.966666666666667,0.966666666666667,1,1,1,0.966666666666667,1
"deu_Fontane",0.955555555555556,0.955555555555556,0.944444444444444,0.988888888888889,0.988888888888889,0.988888888888889,1,0.988888888888889,1,1,0.988888888888889,1,1,1,1,1,1,1,0.988888888888889,1,1,1,1,1,1,1,0.988888888888889,1,0.988888888888889,0.988888888888889,0.988888888888889,1,1,1,1,1,0.988888888888889,1,1,1,1,1,1,1,1,1,1,1,1,1,0.988888888888889,1,1,1,1,1,1,1,1,1,0.988888888888889,1,1,1,1,1,1,1,1,1,1,1,1,1,1,1,0.988888888888889,1,1,0.988888888888889,1,1,1,1,1,1,1,1,1,0.988888888888889,1,1,1,1,1,1
"deu_François",1,0.966666666666667,0.966666666666667,1,1,1,0.966666666666667,1,1,1,1,1,1,1,1,1,1,1,1,1,1,1,1,1,1,1,1,1,1,1,1,1,1,1,1,1,1,1,1,1,1,1,1,1,1,1,1,1,1,1,1,1,1,1,1,1,1,1,1,1,1,1,1,1,1,1,1,1,1,1,1,1,1,1,1,1,1,1,1,1,1,1,1,1,1,1,1,1,1,1,1,1,1,1,1,1
"deu_Freytag",0.966666666666667,1,1,1,1,1,1,1,1,1,1,1,1,1,0.966666666666667,1,1,1,1,1,1,1,1,1,1,0.966666666666667,1,1,1,1,1,1,1,0.966666666666667,1,1,0.966666666666667,0.966666666666667,1,0.966666666666667,0.966666666666667,0.866666666666667,0.966666666666667,0.866666666666667,0.933333333333333,0.966666666666667,0.966666666666667,0.9,0.866666666666667,0.966666666666667,0.933333333333333,0.9,0.966666666666667,0.866666666666667,0.833333333333333,0.933333333333333,0.833333333333333,0.866666666666667,0.9,0.9,0.933333333333333,0.866666666666667,0.933333333333333,0.966666666666667,0.866666666666667,0.9,0.866666666666667,0.9,0.966666666666667,0.8,0.833333333333333,0.766666666666667,0.8,0.933333333333333,0.833333333333333,0.933333333333333,0.866666666666667,0.933333333333333,0.833333333333333,0.866666666666667,0.9,0.733333333333333,0.833333333333333,0.8,0.866666666666667,0.866666666666667,0.866666666666667,0.766666666666667,0.833333333333333,0.8,0.766666666666667,0.766666666666667,0.8,0.8,0.733333333333333,0.9
"deu_Marlitt",0.866666666666667,1,0.966666666666667,0.966666666666667,1,1,1,1,1,1,1,1,1,1,1,1,1,1,1,1,1,1,1,1,1,1,1,1,1,1,1,1,1,1,1,1,1,1,1,1,1,1,1,1,1,1,1,1,1,1,1,1,1,1,1,1,1,1,1,1,1,1,1,1,1,1,1,1,1,1,1,1,1,1,1,1,1,1,1,1,1,1,1,1,1,1,1,1,1,1,1,1,1,1,1,1
"deu_May",1,1,1,1,1,1,1,1,1,1,1,1,1,1,1,1,1,1,1,1,1,1,1,1,1,1,1,1,1,1,1,1,1,1,1,1,1,1,1,1,1,1,1,1,1,1,1,1,1,1,1,1,1,1,1,1,1,1,1,1,1,1,1,1,1,1,1,1,1,1,1,1,1,1,1,1,1,1,1,1,1,1,1,1,1,1,1,1,1,1,1,1,1,1,1,1
"deu_Raabe",1,0.933333333333333,1,0.966666666666667,0.983333333333333,0.983333333333333,0.983333333333333,1,1,1,1,1,1,1,1,1,1,1,1,1,1,1,1,1,1,1,0.983333333333333,1,1,1,1,1,1,0.983333333333333,1,1,1,1,1,1,1,1,0.983333333333333,1,1,1,1,1,1,1,1,1,1,1,1,1,1,1,1,1,1,1,1,1,1,1,1,1,1,1,1,1,1,1,1,1,1,1,1,1,1,1,1,1,0.983333333333333,1,1,1,1,0.983333333333333,1,1,1,0.983333333333333,1,1
"deu_Reventlow",0.766666666666667,0.733333333333333,0.766666666666667,0.8,0.7,0.8,0.933333333333333,0.8,0.766666666666667,0.7,0.833333333333333,0.766666666666667,0.833333333333333,0.833333333333333,0.8,0.8,0.9,0.833333333333333,0.8,0.733333333333333,0.866666666666667,0.833333333333333,0.833333333333333,0.833333333333333,0.9,0.933333333333333,0.966666666666667,0.966666666666667,0.966666666666667,0.933333333333333,0.9,1,0.933333333333333,0.866666666666667,0.966666666666667,1,0.933333333333333,0.966666666666667,0.933333333333333,0.966666666666667,0.933333333333333,0.933333333333333,0.9,1,0.966666666666667,0.9,0.933333333333333,1,0.966666666666667,1,0.966666666666667,1,1,0.933333333333333,0.966666666666667,1,0.933333333333333,1,1,1,0.9,1,0.966666666666667,0.966666666666667,1,1,0.966666666666667,0.966666666666667,0.966666666666667,0.933333333333333,0.933333333333333,0.966666666666667,1,0.933333333333333,0.966666666666667,1,1,1,0.9,0.966666666666667,1,1,0.966666666666667,0.9,0.933333333333333,0.933333333333333,0.966666666666667,0.966666666666667,0.966666666666667,0.966666666666667,0.966666666666667,0.933333333333333,0.933333333333333,0.9,0.966666666666667,0.966666666666667
"deu_Spielhagen",0.533333333333333,0.433333333333333,0.6,0.7,0.666666666666667,0.666666666666667,0.666666666666667,0.7,0.766666666666667,0.933333333333333,0.9,0.966666666666667,0.966666666666667,0.966666666666667,0.933333333333333,0.966666666666667,0.933333333333333,1,1,1,0.966666666666667,1,0.966666666666667,0.933333333333333,0.933333333333333,0.9,0.966666666666667,0.9,0.866666666666667,0.933333333333333,0.933333333333333,0.966666666666667,0.866666666666667,0.866666666666667,1,0.933333333333333,0.933333333333333,0.933333333333333,0.933333333333333,0.933333333333333,1,1,0.966666666666667,0.966666666666667,0.866666666666667,0.933333333333333,0.966666666666667,1,0.966666666666667,0.933333333333333,1,1,1,0.933333333333333,0.866666666666667,0.966666666666667,0.933333333333333,0.933333333333333,0.933333333333333,0.966666666666667,0.9,0.9,0.9,0.966666666666667,0.933333333333333,0.933333333333333,0.866666666666667,0.866666666666667,0.9,0.933333333333333,0.866666666666667,0.866666666666667,0.9,0.8,0.833333333333333,0.9,0.866666666666667,0.966666666666667,0.933333333333333,0.866666666666667,0.9,0.933333333333333,0.9,0.866666666666667,0.9,0.9,0.9,0.966666666666667,0.833333333333333,0.866666666666667,0.966666666666667,0.933333333333333,0.966666666666667,0.933333333333333,0.9,0.9
"deu_Stifter",0.6,0.62,0.72,0.78,0.78,0.78,0.82,0.84,0.92,0.9,0.86,0.86,0.9,0.96,0.96,0.94,0.98,0.98,0.98,1,0.94,0.94,0.92,0.96,0.92,0.98,0.98,0.98,0.98,0.94,1,0.96,0.96,0.94,0.94,0.98,0.96,0.96,0.94,0.96,0.98,0.94,0.94,0.96,0.96,0.98,0.98,0.96,0.96,0.96,0.94,0.98,0.96,1,0.98,0.98,0.96,0.94,0.98,0.96,1,1,0.98,0.98,1,1,1,1,0.98,1,0.96,0.98,1,0.98,0.98,0.98,0.96,0.98,0.98,0.98,0.98,0.98,0.98,0.98,1,0.96,1,0.98,0.98,0.98,1,1,1,1,1,1
"eng_Broughton",1,1,1,1,1,1,1,1,1,1,1,1,1,1,1,1,1,1,1,1,1,1,1,1,1,1,1,1,1,1,1,1,1,1,1,1,1,1,1,1,1,1,1,1,1,1,1,1,1,1,1,1,1,1,1,1,1,1,1,1,1,1,1,1,1,1,1,1,1,1,1,1,1,1,1,1,1,1,1,1,1,1,1,1,1,1,1,1,1,1,1,1,1,1,1,1
"eng_Dickens",0.933333333333333,0.966666666666667,1,1,0.966666666666667,1,0.966666666666667,0.966666666666667,1,1,0.933333333333333,0.966666666666667,0.966666666666667,1,1,0.966666666666667,1,0.933333333333333,0.966666666666667,0.933333333333333,1,0.933333333333333,0.966666666666667,0.933333333333333,1,0.966666666666667,1,1,1,1,1,1,1,0.966666666666667,0.966666666666667,1,1,1,1,0.966666666666667,0.933333333333333,0.966666666666667,0.966666666666667,1,1,1,0.966666666666667,1,1,1,1,0.933333333333333,0.966666666666667,1,1,1,1,1,1,1,1,1,1,1,1,0.966666666666667,1,1,1,1,0.966666666666667,1,1,1,0.966666666666667,1,1,1,1,1,1,1,1,1,1,0.966666666666667,1,1,1,1,0.933333333333333,1,1,1,1,1
"eng_Disraeli",1,1,1,1,1,1,1,1,1,1,1,1,1,1,1,1,1,1,1,1,1,1,1,1,1,1,1,1,1,1,1,1,1,1,1,1,1,1,1,1,1,1,1,1,1,1,1,1,1,1,1,1,1,1,1,1,1,1,1,1,1,1,1,1,1,1,1,1,1,1,1,1,1,1,1,1,1,1,1,1,1,1,1,1,1,1,1,1,1,1,1,1,1,1,1,1
"eng_Eliot",0.8,0.9,0.9,0.933333333333333,0.766666666666667,0.933333333333333,0.933333333333333,1,0.966666666666667,0.933333333333333,0.866666666666667,0.9,0.966666666666667,0.866666666666667,0.9,0.966666666666667,0.966666666666667,1,0.933333333333333,0.933333333333333,0.9,0.966666666666667,0.966666666666667,0.833333333333333,0.933333333333333,0.966666666666667,0.9,0.933333333333333,0.933333333333333,0.9,0.933333333333333,0.933333333333333,0.933333333333333,0.866666666666667,0.9,0.866666666666667,1,0.933333333333333,0.9,0.966666666666667,0.9,0.966666666666667,0.933333333333333,0.833333333333333,0.9,0.9,0.8,0.866666666666667,0.9,0.866666666666667,0.933333333333333,0.933333333333333,0.933333333333333,0.9,0.866666666666667,0.866666666666667,0.8,0.933333333333333,0.833333333333333,0.866666666666667,0.9,0.8,0.9,0.9,0.9,0.766666666666667,0.733333333333333,0.866666666666667,0.866666666666667,0.866666666666667,0.866666666666667,0.833333333333333,0.833333333333333,0.9,0.933333333333333,0.866666666666667,0.9,0.833333333333333,0.766666666666667,0.933333333333333,0.8,0.833333333333333,0.866666666666667,0.8,0.733333333333333,0.833333333333333,0.766666666666667,0.833333333333333,0.833333333333333,0.8,0.766666666666667,0.833333333333333,0.9,0.8,0.8,0.866666666666667
"eng_Nesbit",0.666666666666667,0.7,0.7,0.766666666666667,0.7,0.8,0.733333333333333,0.7,0.7,0.833333333333333,0.733333333333333,0.8,0.766666666666667,0.766666666666667,0.766666666666667,0.833333333333333,0.7,0.8,0.766666666666667,0.766666666666667,0.733333333333333,0.7,0.766666666666667,0.733333333333333,0.7,0.666666666666667,0.733333333333333,0.766666666666667,0.7,0.833333333333333,0.833333333333333,0.766666666666667,0.766666666666667,0.766666666666667,0.733333333333333,0.8,0.766666666666667,0.733333333333333,0.8,0.733333333333333,0.8,0.8,0.733333333333333,0.766666666666667,0.766666666666667,0.833333333333333,0.8,0.833333333333333,0.8,0.833333333333333,0.733333333333333,0.8,0.7,0.8,0.833333333333333,0.766666666666667,0.8,0.833333333333333,0.8,0.8,0.8,0.8,0.8,0.766666666666667,0.866666666666667,0.866666666666667,0.833333333333333,0.833333333333333,0.766666666666667,0.8,0.766666666666667,0.866666666666667,0.733333333333333,0.766666666666667,0.8,0.866666666666667,0.8,0.9,0.8,0.866666666666667,0.833333333333333,0.766666666666667,0.933333333333333,0.833333333333333,0.833333333333333,0.8,0.833333333333333,0.933333333333333,0.833333333333333,0.9,0.833333333333333,0.833333333333333,0.933333333333333,0.866666666666667,0.766666666666667,0.833333333333333
"eng_Ouida",1,1,1,1,1,1,1,1,1,1,1,1,1,1,1,1,1,1,1,1,1,1,1,1,1,1,1,1,1,1,1,1,1,1,1,1,1,1,1,1,1,1,1,1,1,1,1,1,1,1,1,1,1,1,1,1,1,1,1,1,1,1,1,1,1,1,1,1,1,1,1,1,1,1,1,1,1,1,1,1,1,1,1,1,1,1,1,1,1,1,1,1,1,1,1,1
"eng_Trollope",0.9,0.8,0.833333333333333,0.833333333333333,0.9,0.766666666666667,0.766666666666667,0.933333333333333,0.733333333333333,0.833333333333333,0.633333333333333,0.9,0.833333333333333,0.733333333333333,0.866666666666667,0.733333333333333,0.833333333333333,0.833333333333333,0.766666666666667,0.9,0.9,0.9,0.733333333333333,0.866666666666667,0.866666666666667,0.9,0.866666666666667,0.9,0.933333333333333,0.833333333333333,0.833333333333333,0.933333333333333,0.833333333333333,0.9,0.966666666666667,0.9,0.933333333333333,0.933333333333333,0.9,0.933333333333333,0.966666666666667,0.866666666666667,0.933333333333333,0.9,0.933333333333333,1,0.933333333333333,0.933333333333333,0.933333333333333,1,0.966666666666667,0.966666666666667,0.966666666666667,0.966666666666667,0.966666666666667,0.966666666666667,1,0.966666666666667,1,1,1,1,1,1,1,0.966666666666667,1,1,1,1,0.966666666666667,1,0.966666666666667,1,1,0.966666666666667,1,1,0.966666666666667,1,1,1,1,1,0.966666666666667,1,1,1,1,1,1,1,1,1,1,1
"eng_Ward",0.766666666666667,0.7,0.766666666666667,0.7,0.7,0.633333333333333,0.533333333333333,0.566666666666667,0.4,0.633333333333333,0.333333333333333,0.633333333333333,0.566666666666667,0.566666666666667,0.466666666666667,0.5,0.4,0.466666666666667,0.4,0.433333333333333,0.466666666666667,0.4,0.466666666666667,0.466666666666667,0.4,0.466666666666667,0.533333333333333,0.466666666666667,0.5,0.466666666666667,0.533333333333333,0.5,0.466666666666667,0.533333333333333,0.566666666666667,0.533333333333333,0.466666666666667,0.566666666666667,0.433333333333333,0.466666666666667,0.466666666666667,0.6,0.6,0.5,0.5,0.4,0.433333333333333,0.366666666666667,0.533333333333333,0.6,0.566666666666667,0.366666666666667,0.533333333333333,0.6,0.566666666666667,0.566666666666667,0.6,0.4,0.5,0.566666666666667,0.566666666666667,0.6,0.433333333333333,0.466666666666667,0.466666666666667,0.533333333333333,0.566666666666667,0.566666666666667,0.433333333333333,0.6,0.6,0.566666666666667,0.533333333333333,0.6,0.6,0.566666666666667,0.566666666666667,0.566666666666667,0.533333333333333,0.6,0.566666666666667,0.6,0.533333333333333,0.566666666666667,0.633333333333333,0.566666666666667,0.566666666666667,0.533333333333333,0.566666666666667,0.466666666666667,0.533333333333333,0.6,0.566666666666667,0.5,0.6,0.6
"eng_Wells",0.833333333333333,0.766666666666667,0.8,0.933333333333333,0.966666666666667,1,1,0.933333333333333,0.933333333333333,1,0.966666666666667,1,1,0.966666666666667,0.966666666666667,0.933333333333333,0.933333333333333,0.933333333333333,1,0.933333333333333,0.966666666666667,0.933333333333333,0.9,0.9,0.933333333333333,0.9,0.8,0.866666666666667,0.833333333333333,0.8,0.8,0.733333333333333,0.733333333333333,0.766666666666667,0.8,0.833333333333333,0.833333333333333,0.733333333333333,0.833333333333333,0.766666666666667,0.833333333333333,0.8,0.766666666666667,0.8,0.8,0.733333333333333,0.766666666666667,0.866666666666667,0.766666666666667,0.833333333333333,0.8,0.766666666666667,0.833333333333333,0.8,0.866666666666667,0.8,0.8,0.8,0.866666666666667,0.833333333333333,0.733333333333333,0.833333333333333,0.866666666666667,0.866666666666667,0.766666666666667,0.8,0.766666666666667,0.833333333333333,0.866666666666667,0.8,0.866666666666667,0.8,0.833333333333333,0.733333333333333,0.866666666666667,0.766666666666667,0.8,0.833333333333333,0.8,0.866666666666667,0.733333333333333,0.833333333333333,0.833333333333333,0.833333333333333,0.833333333333333,0.866666666666667,0.8,0.766666666666667,0.8,0.8,0.8,0.766666666666667,0.733333333333333,0.8,0.733333333333333,0.733333333333333
"eng_Yonge",0.966666666666667,1,1,1,1,1,1,1,1,1,1,1,0.966666666666667,1,1,1,1,1,1,1,0.966666666666667,1,1,1,1,1,1,1,1,1,1,1,1,1,1,1,1,1,1,1,1,1,1,1,1,1,1,1,1,1,1,1,1,1,1,1,1,1,1,1,1,1,1,1,1,1,1,1,1,1,1,1,1,1,1,1,1,1,1,1,1,1,1,1,1,1,1,1,1,1,1,1,1,1,1,1
"fra_Balzac",1,1,1,1,1,1,1,1,1,0.966666666666667,1,1,1,0.966666666666667,1,1,1,1,1,1,1,1,1,1,1,1,1,1,1,1,1,1,1,1,1,1,1,1,1,1,1,1,1,1,1,1,1,1,1,1,1,1,1,1,1,1,1,1,1,1,1,1,1,1,1,1,1,1,1,1,1,1,1,1,1,1,1,1,1,1,1,1,1,1,1,1,1,1,1,1,1,1,1,1,1,1
"fra_Flaubert",1,1,1,1,1,1,1,1,1,1,1,1,1,1,1,1,1,1,1,1,1,1,1,1,1,1,1,1,1,1,1,1,1,1,1,1,1,1,1,1,1,1,0.966666666666667,1,1,1,1,1,1,1,1,1,0.966666666666667,0.966666666666667,1,1,1,0.966666666666667,1,1,1,1,1,0.966666666666667,1,1,1,1,1,1,1,1,1,1,1,1,0.966666666666667,1,1,1,1,1,1,1,1,1,1,1,1,1,1,1,1,1,1,1
"fra_Fleuriot",0.733333333333333,0.733333333333333,0.833333333333333,0.666666666666667,0.633333333333333,0.766666666666667,0.866666666666667,0.866666666666667,0.8,0.866666666666667,0.933333333333333,0.833333333333333,0.933333333333333,0.966666666666667,0.9,0.966666666666667,0.9,1,1,0.933333333333333,0.933333333333333,0.966666666666667,0.933333333333333,0.966666666666667,0.9,0.9,0.9,0.966666666666667,0.9,0.933333333333333,0.933333333333333,0.966666666666667,0.9,0.9,0.933333333333333,0.833333333333333,0.866666666666667,0.966666666666667,0.8,0.966666666666667,0.9,0.9,0.933333333333333,0.866666666666667,0.9,0.966666666666667,0.966666666666667,0.866666666666667,0.966666666666667,0.833333333333333,0.9,0.933333333333333,0.933333333333333,0.966666666666667,0.866666666666667,0.9,0.966666666666667,0.9,0.933333333333333,0.966666666666667,0.933333333333333,0.9,0.9,0.933333333333333,0.9,0.966666666666667,0.9,1,0.933333333333333,0.866666666666667,0.933333333333333,0.9,0.966666666666667,0.966666666666667,1,0.966666666666667,0.933333333333333,0.933333333333333,0.9,0.9,0.933333333333333,0.966666666666667,0.866666666666667,0.966666666666667,0.9,0.9,0.866666666666667,0.966666666666667,0.9,0.966666666666667,0.933333333333333,0.9,0.9,0.933333333333333,0.866666666666667,0.933333333333333
"fra_Féval",0.833333333333333,0.933333333333333,0.966666666666667,0.933333333333333,1,1,1,0.966666666666667,1,1,0.966666666666667,1,1,1,0.966666666666667,1,1,0.933333333333333,1,0.966666666666667,1,1,1,1,1,0.933333333333333,1,1,0.966666666666667,1,0.933333333333333,0.966666666666667,0.933333333333333,1,0.966666666666667,0.933333333333333,0.966666666666667,1,0.9,1,0.966666666666667,1,0.933333333333333,1,0.933333333333333,0.9,0.933333333333333,0.933333333333333,0.966666666666667,0.933333333333333,0.966666666666667,0.933333333333333,0.966666666666667,0.966666666666667,0.966666666666667,1,0.9,0.866666666666667,0.933333333333333,0.866666666666667,0.966666666666667,0.966666666666667,0.9,0.966666666666667,0.933333333333333,0.9,0.833333333333333,0.933333333333333,0.933333333333333,0.933333333333333,0.9,0.933333333333333,0.966666666666667,1,0.9,0.9,0.933333333333333,0.966666666666667,0.933333333333333,0.933333333333333,0.966666666666667,0.933333333333333,0.966666666666667,0.966666666666667,0.966666666666667,0.933333333333333,1,0.766666666666667,0.9,0.966666666666667,0.933333333333333,0.933333333333333,0.966666666666667,0.966666666666667,0.966666666666667,0.933333333333333
"fra_Gautier",0.966666666666667,0.833333333333333,0.9,0.966666666666667,0.966666666666667,0.9,0.866666666666667,0.966666666666667,1,0.933333333333333,0.9,0.9,0.933333333333333,0.9,1,0.966666666666667,0.9,0.9,0.966666666666667,0.9,0.933333333333333,0.933333333333333,0.966666666666667,0.966666666666667,0.9,0.933333333333333,0.9,1,0.933333333333333,0.933333333333333,0.966666666666667,0.9,0.966666666666667,0.9,0.9,0.933333333333333,1,0.966666666666667,1,0.966666666666667,0.966666666666667,0.966666666666667,0.966666666666667,1,0.933333333333333,0.933333333333333,1,1,0.966666666666667,0.933333333333333,0.966666666666667,0.966666666666667,1,0.9,1,0.933333333333333,1,0.9,0.9,0.966666666666667,0.966666666666667,0.966666666666667,0.9,1,0.933333333333333,1,0.966666666666667,0.966666666666667,0.966666666666667,1,1,0.966666666666667,1,1,0.966666666666667,1,1,0.966666666666667,1,0.9,0.966666666666667,0.966666666666667,0.966666666666667,0.966666666666667,0.966666666666667,0.966666666666667,1,1,1,0.966666666666667,1,0.966666666666667,0.933333333333333,1,0.866666666666667,0.933333333333333
"fra_Gouraud",0.833333333333333,0.966666666666667,0.966666666666667,0.933333333333333,1,1,1,1,1,1,1,1,1,1,1,1,1,1,1,1,1,1,0.966666666666667,0.966666666666667,1,1,1,1,1,1,1,1,1,1,1,1,1,1,1,1,1,1,1,1,1,1,1,1,1,1,1,1,1,1,1,1,1,1,1,1,1,1,1,1,1,1,1,1,1,1,1,1,1,1,1,1,1,1,1,1,1,1,1,1,1,1,1,1,1,1,1,1,1,1,1,1
"fra_Gréville",0.9,0.866666666666667,0.9,0.933333333333333,0.833333333333333,0.9,0.866666666666667,0.733333333333333,0.933333333333333,0.833333333333333,0.866666666666667,0.9,0.866666666666667,1,0.866666666666667,0.966666666666667,0.866666666666667,0.866666666666667,0.8,0.833333333333333,0.866666666666667,0.866666666666667,0.733333333333333,0.9,1,0.8,0.966666666666667,0.9,0.866666666666667,0.9,0.8,0.8,0.8,0.933333333333333,0.866666666666667,0.933333333333333,0.833333333333333,0.833333333333333,0.866666666666667,0.933333333333333,0.866666666666667,0.9,0.966666666666667,0.966666666666667,0.833333333333333,0.833333333333333,0.833333333333333,0.966666666666667,0.966666666666667,0.9,0.933333333333333,0.933333333333333,0.933333333333333,0.866666666666667,0.933333333333333,0.866666666666667,0.9,0.966666666666667,0.933333333333333,0.866666666666667,1,0.933333333333333,0.933333333333333,0.933333333333333,1,0.9,0.9,0.8,0.933333333333333,0.933333333333333,0.933333333333333,0.866666666666667,0.9,0.933333333333333,0.9,0.9,0.933333333333333,0.966666666666667,0.933333333333333,0.966666666666667,0.933333333333333,0.966666666666667,1,0.9,1,0.9,0.833333333333333,0.966666666666667,0.933333333333333,1,0.9,0.9,0.9,0.933333333333333,0.933333333333333,0.933333333333333
"fra_Malot",0.7,0.766666666666667,0.8,0.666666666666667,0.733333333333333,0.8,0.8,0.8,0.766666666666667,0.8,0.8,0.766666666666667,0.766666666666667,0.866666666666667,0.766666666666667,0.866666666666667,0.766666666666667,0.733333333333333,0.8,0.833333333333333,0.833333333333333,0.833333333333333,0.833333333333333,0.8,0.866666666666667,0.8,0.833333333333333,0.766666666666667,0.766666666666667,0.833333333333333,0.8,0.7,0.733333333333333,0.766666666666667,0.733333333333333,0.666666666666667,0.8,0.733333333333333,0.7,0.766666666666667,0.733333333333333,0.766666666666667,0.733333333333333,0.7,0.766666666666667,0.766666666666667,0.766666666666667,0.733333333333333,0.8,0.766666666666667,0.8,0.7,0.766666666666667,0.666666666666667,0.766666666666667,0.666666666666667,0.8,0.733333333333333,0.7,0.8,0.7,0.733333333333333,0.766666666666667,0.733333333333333,0.733333333333333,0.766666666666667,0.666666666666667,0.7,0.766666666666667,0.733333333333333,0.7,0.766666666666667,0.7,0.766666666666667,0.766666666666667,0.766666666666667,0.766666666666667,0.7,0.733333333333333,0.733333333333333,0.7,0.7,0.733333333333333,0.7,0.7,0.766666666666667,0.7,0.766666666666667,0.8,0.8,0.7,0.766666666666667,0.8,0.833333333333333,0.8,0.733333333333333
"fra_Ohnet",0.7,0.866666666666667,0.733333333333333,0.766666666666667,0.8,0.7,0.733333333333333,0.666666666666667,0.566666666666667,0.733333333333333,0.566666666666667,0.733333333333333,0.6,0.766666666666667,0.666666666666667,0.766666666666667,0.666666666666667,0.7,0.633333333333333,0.8,0.6,0.766666666666667,0.7,0.466666666666667,0.7,0.5,0.666666666666667,0.6,0.566666666666667,0.6,0.6,0.633333333333333,0.666666666666667,0.433333333333333,0.666666666666667,0.666666666666667,0.566666666666667,0.633333333333333,0.633333333333333,0.533333333333333,0.533333333333333,0.6,0.533333333333333,0.566666666666667,0.666666666666667,0.733333333333333,0.6,0.733333333333333,0.733333333333333,0.666666666666667,0.666666666666667,0.6,0.7,0.766666666666667,0.733333333333333,0.766666666666667,0.6,0.6,0.733333333333333,0.6,0.6,0.766666666666667,0.566666666666667,0.566666666666667,0.666666666666667,0.566666666666667,0.6,0.7,0.666666666666667,0.566666666666667,0.733333333333333,0.666666666666667,0.633333333333333,0.7,0.666666666666667,0.8,0.633333333333333,0.7,0.633333333333333,0.666666666666667,0.7,0.666666666666667,0.633333333333333,0.766666666666667,0.7,0.633333333333333,0.8,0.6,0.733333333333333,0.766666666666667,0.533333333333333,0.633333333333333,0.533333333333333,0.7,0.666666666666667,0.733333333333333
"fra_Sand",0.933333333333333,0.933333333333333,1,1,1,1,1,1,1,1,1,1,1,1,1,1,1,1,1,1,1,1,1,1,1,1,1,1,1,1,1,1,1,1,1,1,1,1,1,1,1,1,1,1,1,1,1,1,1,1,1,1,1,1,1,1,1,1,1,1,1,1,1,1,1,1,1,1,1,1,1,1,1,1,1,1,1,1,1,1,1,1,1,1,1,1,1,1,1,1,1,1,1,1,1,1
"hun_EötvösJózsef",1,1,1,1,1,1,1,1,1,1,1,1,1,1,1,1,1,1,1,1,0.933333333333333,0.966666666666667,0.966666666666667,1,0.966666666666667,0.966666666666667,0.966666666666667,1,0.933333333333333,1,1,1,0.933333333333333,0.933333333333333,0.933333333333333,0.933333333333333,0.966666666666667,1,0.933333333333333,1,0.966666666666667,0.933333333333333,1,0.833333333333333,0.9,0.966666666666667,0.966666666666667,0.833333333333333,0.9,0.833333333333333,0.866666666666667,0.9,0.766666666666667,0.866666666666667,0.833333333333333,0.766666666666667,0.833333333333333,0.833333333333333,0.866666666666667,0.8,0.8,0.766666666666667,0.866666666666667,0.766666666666667,0.8,0.7,0.766666666666667,0.8,0.766666666666667,0.8,0.733333333333333,0.733333333333333,0.7,0.766666666666667,0.8,0.733333333333333,0.733333333333333,0.8,0.766666666666667,0.766666666666667,0.766666666666667,0.8,0.766666666666667,0.766666666666667,0.733333333333333,0.7,0.733333333333333,0.733333333333333,0.766666666666667,0.766666666666667,0.766666666666667,0.7,0.666666666666667,0.766666666666667,0.733333333333333,0.733333333333333
"hun_GárdonyiGéza",1,1,0.866666666666667,0.933333333333333,1,1,1,0.966666666666667,0.966666666666667,1,0.933333333333333,0.966666666666667,1,0.933333333333333,1,1,1,1,1,0.966666666666667,1,1,1,1,1,1,1,1,1,1,1,1,1,1,1,1,1,1,1,1,1,1,1,1,1,1,1,1,1,1,1,1,1,1,1,1,1,1,1,1,1,1,1,1,1,1,1,1,1,1,1,1,1,1,1,1,1,1,1,1,1,1,1,1,1,1,1,1,1,1,1,1,1,1,1,1
"hun_JókaiMór",0.733333333333333,0.833333333333333,0.933333333333333,0.833333333333333,0.9,0.8,0.9,0.866666666666667,0.866666666666667,0.833333333333333,0.766666666666667,0.866666666666667,0.866666666666667,0.833333333333333,0.866666666666667,0.866666666666667,0.866666666666667,0.866666666666667,0.9,0.8,0.933333333333333,0.866666666666667,0.966666666666667,0.9,0.866666666666667,0.866666666666667,0.866666666666667,0.866666666666667,0.866666666666667,0.866666666666667,0.9,0.9,0.833333333333333,0.933333333333333,0.8,0.766666666666667,0.866666666666667,0.866666666666667,0.9,0.9,0.9,0.8,0.833333333333333,0.8,0.8,0.933333333333333,0.833333333333333,0.8,0.7,0.8,0.766666666666667,0.733333333333333,0.733333333333333,0.833333333333333,0.833333333333333,0.733333333333333,0.733333333333333,0.8,0.733333333333333,0.733333333333333,0.7,0.8,0.8,0.766666666666667,0.766666666666667,0.8,0.766666666666667,0.8,0.733333333333333,0.7,0.666666666666667,0.7,0.733333333333333,0.733333333333333,0.666666666666667,0.733333333333333,0.733333333333333,0.866666666666667,0.733333333333333,0.6,0.7,0.733333333333333,0.766666666666667,0.666666666666667,0.733333333333333,0.6,0.733333333333333,0.7,0.766666666666667,0.633333333333333,0.7,0.7,0.6,0.7,0.633333333333333,0.666666666666667
"hun_JósikaJúlia",1,1,1,1,1,1,1,1,1,1,1,1,1,1,1,1,1,1,1,1,1,1,1,1,1,1,1,1,1,1,1,1,1,1,1,1,1,1,1,1,1,1,1,1,1,1,1,1,1,1,1,1,1,1,1,1,1,1,1,1,1,1,1,1,1,1,1,1,1,1,1,1,1,1,1,1,1,1,1,1,1,1,1,1,1,1,1,1,1,1,1,1,1,1,1,1
"hun_KeményZsigmond",1,0.966666666666667,0.966666666666667,0.966666666666667,1,1,1,1,1,1,1,1,1,1,1,1,1,1,1,1,1,1,1,1,0.966666666666667,1,1,1,1,1,1,1,1,1,1,1,1,1,1,1,1,1,1,1,1,1,1,1,1,1,1,1,0.966666666666667,1,0.966666666666667,1,1,1,1,0.966666666666667,1,1,1,1,1,1,1,1,0.933333333333333,1,1,0.966666666666667,1,0.966666666666667,1,1,1,1,1,1,1,1,1,1,1,1,1,1,1,1,1,1,1,1,1,1
"hun_MikszáthKálmán",0.9,0.733333333333333,0.866666666666667,0.833333333333333,0.933333333333333,0.933333333333333,0.866666666666667,1,0.966666666666667,0.966666666666667,0.966666666666667,0.9,0.933333333333333,0.966666666666667,0.966666666666667,0.966666666666667,1,0.966666666666667,0.933333333333333,0.966666666666667,0.933333333333333,1,0.933333333333333,1,0.9,0.966666666666667,0.933333333333333,1,0.966666666666667,0.933333333333333,0.966666666666667,0.9,0.933333333333333,0.933333333333333,0.966666666666667,0.933333333333333,0.9,0.866666666666667,0.9,0.933333333333333,0.933333333333333,0.933333333333333,1,0.966666666666667,0.933333333333333,0.966666666666667,0.866666666666667,0.933333333333333,0.933333333333333,0.966666666666667,0.966666666666667,0.933333333333333,0.933333333333333,0.966666666666667,0.9,0.833333333333333,0.966666666666667,0.933333333333333,0.9,0.866666666666667,0.9,0.966666666666667,0.966666666666667,0.9,0.966666666666667,0.933333333333333,0.9,0.866666666666667,0.933333333333333,0.966666666666667,0.866666666666667,0.933333333333333,0.966666666666667,0.966666666666667,1,0.933333333333333,0.933333333333333,1,0.933333333333333,1,0.933333333333333,0.9,0.9,0.933333333333333,0.966666666666667,0.966666666666667,1,0.966666666666667,0.933333333333333,0.966666666666667,1,1,0.966666666666667,1,0.933333333333333,0.966666666666667
"hun_NagyIgnác",1,1,1,1,1,1,1,1,1,1,1,1,1,1,1,1,1,1,1,1,1,1,1,1,1,1,1,1,1,1,1,1,1,1,1,1,1,1,1,1,1,1,1,1,1,1,1,1,1,1,1,1,1,1,1,1,1,1,1,1,1,1,1,1,1,1,1,1,1,1,1,1,1,1,1,1,1,1,1,1,1,1,1,1,1,1,1,1,1,1,1,1,1,1,1,1
"hun_VachottSándorné",0.933333333333333,0.933333333333333,0.966666666666667,0.933333333333333,0.933333333333333,1,0.966666666666667,1,1,1,1,1,1,1,1,1,1,1,1,1,1,1,1,1,1,0.966666666666667,1,1,1,1,1,1,1,1,1,1,1,1,1,1,1,1,1,1,1,1,1,1,1,1,1,1,1,1,1,1,1,1,1,1,1,1,0.966666666666667,1,1,1,1,1,1,1,1,1,1,1,1,1,1,1,1,1,1,1,1,1,1,1,1,1,1,1,1,1,1,1,1,1
"hun_VasGereben",1,0.966666666666667,0.966666666666667,0.966666666666667,0.933333333333333,1,1,1,0.966666666666667,1,1,1,1,1,1,1,1,0.966666666666667,1,1,1,1,1,1,1,1,1,1,1,1,1,1,1,1,1,1,1,1,1,1,1,1,1,1,1,1,1,1,1,1,1,1,1,1,1,1,1,1,1,1,1,1,1,1,1,1,1,1,1,1,1,1,1,1,1,1,1,1,1,1,1,1,1,1,1,1,1,1,1,1,1,1,1,1,1,1
"nor_Bjørnson",0.966666666666667,0.833333333333333,0.7,0.666666666666667,0.7,0.7,0.633333333333333,0.766666666666667,0.666666666666667,0.7,0.7,0.666666666666667,0.7,0.7,0.766666666666667,0.7,0.7,0.666666666666667,0.666666666666667,0.7,0.666666666666667,0.7,0.7,0.666666666666667,0.666666666666667,0.666666666666667,0.666666666666667,0.666666666666667,0.666666666666667,0.666666666666667,0.666666666666667,0.666666666666667,0.666666666666667,0.666666666666667,0.666666666666667,0.666666666666667,0.666666666666667,0.666666666666667,0.666666666666667,0.666666666666667,0.666666666666667,0.666666666666667,0.666666666666667,0.666666666666667,0.666666666666667,0.666666666666667,0.666666666666667,0.666666666666667,0.666666666666667,0.666666666666667,0.666666666666667,0.666666666666667,0.666666666666667,0.666666666666667,0.666666666666667,0.666666666666667,0.666666666666667,0.666666666666667,0.666666666666667,0.666666666666667,0.666666666666667,0.666666666666667,0.666666666666667,0.666666666666667,0.666666666666667,0.666666666666667,0.666666666666667,0.666666666666667,0.666666666666667,0.666666666666667,0.666666666666667,0.666666666666667,0.666666666666667,0.666666666666667,0.666666666666667,0.666666666666667,0.666666666666667,0.666666666666667,0.666666666666667,0.666666666666667,0.666666666666667,0.666666666666667,0.666666666666667,0.666666666666667,0.666666666666667,0.666666666666667,0.666666666666667,0.666666666666667,0.666666666666667,0.666666666666667,0.666666666666667,0.666666666666667,0.666666666666667,0.666666666666667,0.666666666666667,0.666666666666667
"nor_Duun",1,1,1,1,1,1,1,1,1,1,1,1,1,1,1,1,1,1,1,1,1,0.966666666666667,1,1,1,1,1,1,1,1,1,1,1,1,1,1,1,1,1,1,1,1,1,1,1,1,1,1,1,1,1,1,1,1,1,1,1,1,1,1,1,1,1,1,1,1,1,1,1,1,1,1,1,1,1,1,1,1,1,1,1,1,1,1,1,1,1,1,1,1,1,1,1,1,1,1
"nor_Finne",0.866666666666667,0.866666666666667,0.966666666666667,0.966666666666667,1,0.966666666666667,1,0.9,0.966666666666667,0.933333333333333,0.966666666666667,0.966666666666667,0.966666666666667,0.9,0.966666666666667,1,0.9,0.933333333333333,0.933333333333333,1,0.933333333333333,0.866666666666667,0.933333333333333,0.9,0.966666666666667,0.966666666666667,0.866666666666667,0.9,0.833333333333333,0.833333333333333,0.966666666666667,0.866666666666667,0.866666666666667,0.9,0.933333333333333,0.866666666666667,0.933333333333333,0.833333333333333,0.8,0.9,0.8,0.866666666666667,0.833333333333333,0.866666666666667,0.933333333333333,0.8,0.833333333333333,0.8,0.866666666666667,0.733333333333333,0.833333333333333,0.733333333333333,0.8,0.833333333333333,0.9,0.833333333333333,0.866666666666667,0.8,0.866666666666667,0.766666666666667,0.866666666666667,0.866666666666667,0.766666666666667,0.766666666666667,0.8,0.833333333333333,0.766666666666667,0.866666666666667,0.866666666666667,0.766666666666667,0.8,0.733333333333333,0.733333333333333,0.833333333333333,0.866666666666667,0.8,0.8,0.866666666666667,0.833333333333333,0.833333333333333,0.8,0.766666666666667,0.833333333333333,0.866666666666667,0.8,0.8,0.833333333333333,0.766666666666667,0.8,0.9,0.866666666666667,0.866666666666667,0.866666666666667,0.866666666666667,0.866666666666667,0.733333333333333
"nor_Garborg",0.716666666666667,0.733333333333333,0.666666666666667,0.7,0.7,0.7,0.616666666666667,0.65,0.733333333333333,0.783333333333333,0.766666666666667,0.766666666666667,0.783333333333333,0.683333333333333,0.8,0.7,0.683333333333333,0.716666666666667,0.65,0.683333333333333,0.666666666666667,0.733333333333333,0.733333333333333,0.716666666666667,0.7,0.716666666666667,0.75,0.75,0.733333333333333,0.75,0.783333333333333,0.7,0.783333333333333,0.75,0.683333333333333,0.75,0.733333333333333,0.766666666666667,0.733333333333333,0.8,0.783333333333333,0.816666666666667,0.783333333333333,0.816666666666667,0.816666666666667,0.783333333333333,0.816666666666667,0.816666666666667,0.783333333333333,0.816666666666667,0.783333333333333,0.816666666666667,0.8,0.783333333333333,0.783333333333333,0.816666666666667,0.8,0.766666666666667,0.733333333333333,0.766666666666667,0.716666666666667,0.766666666666667,0.75,0.75,0.75,0.7,0.766666666666667,0.733333333333333,0.783333333333333,0.8,0.75,0.766666666666667,0.733333333333333,0.733333333333333,0.766666666666667,0.783333333333333,0.75,0.75,0.75,0.733333333333333,0.783333333333333,0.75,0.75,0.733333333333333,0.766666666666667,0.783333333333333,0.783333333333333,0.733333333333333,0.75,0.716666666666667,0.75,0.733333333333333,0.766666666666667,0.783333333333333,0.75,0.75
"nor_Jæger",0.666666666666667,0.666666666666667,0.666666666666667,0.666666666666667,0.666666666666667,0.666666666666667,0.666666666666667,0.666666666666667,0.666666666666667,0.666666666666667,0.666666666666667,0.666666666666667,0.666666666666667,0.666666666666667,0.666666666666667,0.666666666666667,0.666666666666667,0.666666666666667,0.666666666666667,0.666666666666667,0.666666666666667,0.666666666666667,0.666666666666667,0.7,0.666666666666667,0.7,0.666666666666667,0.666666666666667,0.7,0.666666666666667,0.666666666666667,0.666666666666667,0.666666666666667,0.666666666666667,0.666666666666667,0.7,0.666666666666667,0.666666666666667,0.666666666666667,0.666666666666667,0.666666666666667,0.666666666666667,0.666666666666667,0.7,0.7,0.666666666666667,0.7,0.666666666666667,0.666666666666667,0.666666666666667,0.7,0.666666666666667,0.666666666666667,0.7,0.7,0.7,0.666666666666667,0.7,0.666666666666667,0.666666666666667,0.666666666666667,0.666666666666667,0.666666666666667,0.666666666666667,0.7,0.666666666666667,0.666666666666667,0.666666666666667,0.666666666666667,0.666666666666667,0.666666666666667,0.666666666666667,0.7,0.666666666666667,0.666666666666667,0.7,0.666666666666667,0.7,0.666666666666667,0.666666666666667,0.666666666666667,0.666666666666667,0.666666666666667,0.666666666666667,0.7,0.666666666666667,0.666666666666667,0.7,0.666666666666667,0.666666666666667,0.666666666666667,0.666666666666667,0.666666666666667,0.666666666666667,0.7,0.666666666666667
"nor_Jølsen",0.866666666666667,1,0.966666666666667,1,1,1,1,1,1,1,1,1,1,1,1,1,1,1,1,1,1,1,1,1,1,1,1,1,1,1,1,1,1,1,1,1,1,1,1,1,1,1,1,1,1,1,1,1,1,1,1,1,1,1,1,1,1,1,1,1,1,1,1,1,1,1,1,1,1,1,1,1,1,1,1,1,1,1,1,1,1,1,1,1,1,1,1,1,1,1,1,1,1,1,1,1
"nor_Kielland",0.8,0.833333333333333,0.833333333333333,0.933333333333333,0.9,0.833333333333333,0.933333333333333,0.866666666666667,1,0.966666666666667,1,1,1,1,1,1,1,1,1,0.966666666666667,1,1,1,0.966666666666667,1,1,1,1,1,0.966666666666667,1,1,1,1,1,1,1,1,1,1,1,1,1,1,1,1,0.966666666666667,1,1,1,1,1,1,1,1,1,1,1,1,1,1,1,1,1,1,1,1,1,1,1,1,1,1,1,1,1,1,1,1,1,1,1,1,1,1,1,1,1,1,1,1,0.966666666666667,1,1,1,1
"nor_Krag",0.866666666666667,0.933333333333333,1,0.933333333333333,0.966666666666667,1,1,1,1,1,1,1,1,1,1,1,1,1,1,1,1,1,1,1,1,1,1,1,1,1,1,1,1,1,1,1,1,1,1,1,1,1,1,1,1,1,1,1,1,1,1,1,1,1,1,1,1,1,1,1,1,1,1,1,1,1,1,1,1,1,1,1,1,1,1,1,1,1,1,1,1,1,1,1,1,1,1,1,1,1,1,1,1,1,1,1
"nor_Lie",0.533333333333333,0.7,0.666666666666667,0.666666666666667,0.666666666666667,0.733333333333333,0.7,0.666666666666667,0.666666666666667,0.666666666666667,0.7,0.733333333333333,0.766666666666667,0.9,0.833333333333333,0.8,0.833333333333333,0.8,0.733333333333333,0.8,0.8,0.866666666666667,0.833333333333333,0.866666666666667,0.833333333333333,0.8,0.9,0.9,0.933333333333333,0.833333333333333,0.866666666666667,0.833333333333333,0.933333333333333,0.9,0.9,0.933333333333333,0.866666666666667,0.833333333333333,0.833333333333333,0.9,0.9,0.833333333333333,0.833333333333333,0.933333333333333,0.9,0.8,0.966666666666667,0.9,0.933333333333333,0.9,0.8,0.9,0.9,0.833333333333333,0.866666666666667,0.833333333333333,0.833333333333333,0.866666666666667,0.866666666666667,0.833333333333333,0.9,0.866666666666667,0.933333333333333,0.866666666666667,0.933333333333333,0.866666666666667,0.9,0.866666666666667,0.933333333333333,0.966666666666667,0.933333333333333,0.9,0.8,0.933333333333333,0.966666666666667,0.866666666666667,0.966666666666667,0.9,0.933333333333333,0.833333333333333,0.9,0.866666666666667,0.833333333333333,0.866666666666667,0.9,0.833333333333333,0.966666666666667,0.833333333333333,0.866666666666667,0.933333333333333,0.933333333333333,0.933333333333333,0.966666666666667,0.966666666666667,0.933333333333333,0.9
"nor_Skram",0.2,0.233333333333333,0.3,0.366666666666667,0.433333333333333,0.6,0.533333333333333,0.633333333333333,0.633333333333333,0.533333333333333,0.833333333333333,0.733333333333333,0.733333333333333,0.666666666666667,0.8,0.933333333333333,0.933333333333333,0.966666666666667,0.833333333333333,0.933333333333333,0.9,1,0.933333333333333,0.866666666666667,1,0.966666666666667,0.966666666666667,0.9,0.966666666666667,1,0.966666666666667,0.966666666666667,1,1,1,0.966666666666667,1,0.933333333333333,0.966666666666667,1,1,1,0.966666666666667,0.966666666666667,0.966666666666667,0.966666666666667,0.966666666666667,0.966666666666667,0.966666666666667,1,1,0.966666666666667,1,1,1,0.933333333333333,1,1,1,0.933333333333333,1,0.933333333333333,1,0.966666666666667,0.966666666666667,1,1,1,1,1,1,1,1,0.966666666666667,1,1,1,1,0.933333333333333,0.966666666666667,1,1,1,0.933333333333333,0.966666666666667,0.966666666666667,1,0.966666666666667,1,1,0.966666666666667,0.966666666666667,1,1,0.966666666666667,1
"nor_Undset",0.666666666666667,0.666666666666667,0.666666666666667,0.7,0.666666666666667,0.666666666666667,0.666666666666667,0.666666666666667,0.666666666666667,0.666666666666667,0.666666666666667,0.666666666666667,0.666666666666667,0.666666666666667,0.7,0.733333333333333,0.666666666666667,0.7,0.7,0.766666666666667,0.733333333333333,0.766666666666667,0.766666666666667,0.7,0.7,0.8,0.733333333333333,0.733333333333333,0.9,0.766666666666667,0.833333333333333,0.766666666666667,0.833333333333333,0.833333333333333,0.8,0.933333333333333,0.866666666666667,0.866666666666667,0.833333333333333,0.9,0.966666666666667,0.966666666666667,1,0.933333333333333,0.933333333333333,0.933333333333333,1,1,1,0.966666666666667,0.966666666666667,1,1,0.966666666666667,0.966666666666667,0.966666666666667,0.966666666666667,1,1,1,1,1,1,1,1,1,1,1,1,0.966666666666667,1,1,1,1,1,1,1,1,1,1,1,1,1,1,1,1,1,1,1,1,1,1,1,1,1,1
"pol_Bałucki",0,0.1,0.0666666666666667,0.0666666666666667,0.0333333333333333,0.1,0.1,0.0333333333333333,0.166666666666667,0.0666666666666667,0.0666666666666667,0.0333333333333333,0.1,0.166666666666667,0.266666666666667,0.166666666666667,0.233333333333333,0.266666666666667,0.166666666666667,0.133333333333333,0.133333333333333,0.3,0.166666666666667,0.2,0.2,0.233333333333333,0.133333333333333,0.233333333333333,0.2,0.1,0.166666666666667,0.166666666666667,0.133333333333333,0.233333333333333,0.266666666666667,0.166666666666667,0.2,0.166666666666667,0.266666666666667,0.233333333333333,0.3,0.1,0.166666666666667,0.166666666666667,0.166666666666667,0.233333333333333,0.0666666666666667,0.2,0.1,0.166666666666667,0.1,0.0666666666666667,0.166666666666667,0.1,0.166666666666667,0.166666666666667,0.166666666666667,0.133333333333333,0.166666666666667,0.1,0.166666666666667,0.233333333333333,0.1,0.166666666666667,0.2,0.166666666666667,0.1,0.133333333333333,0.166666666666667,0.1,0.1,0.166666666666667,0.166666666666667,0.166666666666667,0.0666666666666667,0.133333333333333,0.133333333333333,0.166666666666667,0.1,0.166666666666667,0.133333333333333,0.0333333333333333,0.166666666666667,0.133333333333333,0.166666666666667,0.133333333333333,0.2,0.133333333333333,0.166666666666667,0.133333333333333,0.2,0.2,0.166666666666667,0.133333333333333,0.133333333333333,0.266666666666667
"pol_Berent",0.733333333333333,0.8,0.633333333333333,0.8,0.7,0.766666666666667,0.833333333333333,0.766666666666667,0.9,0.833333333333333,0.8,0.8,0.933333333333333,0.933333333333333,0.9,1,0.933333333333333,0.966666666666667,0.933333333333333,1,0.933333333333333,0.966666666666667,0.933333333333333,0.966666666666667,0.966666666666667,1,0.933333333333333,0.966666666666667,0.866666666666667,0.933333333333333,1,0.9,0.966666666666667,0.866666666666667,0.9,0.933333333333333,1,0.933333333333333,0.9,1,0.966666666666667,0.9,0.966666666666667,0.933333333333333,1,0.966666666666667,0.933333333333333,1,0.933333333333333,1,1,1,1,1,0.966666666666667,1,1,1,1,0.966666666666667,1,0.966666666666667,0.966666666666667,0.966666666666667,0.933333333333333,0.933333333333333,0.933333333333333,0.966666666666667,0.933333333333333,0.933333333333333,0.933333333333333,0.933333333333333,0.966666666666667,0.966666666666667,0.833333333333333,0.933333333333333,0.9,0.933333333333333,0.866666666666667,0.833333333333333,0.866666666666667,0.9,0.933333333333333,0.766666666666667,0.866666666666667,0.866666666666667,0.866666666666667,0.966666666666667,0.866666666666667,0.766666666666667,0.833333333333333,0.9,0.833333333333333,0.866666666666667,0.8,0.933333333333333
"pol_Dmochowska",0.6,0.566666666666667,0.666666666666667,0.7,0.933333333333333,0.866666666666667,0.7,0.866666666666667,0.833333333333333,0.866666666666667,0.9,0.833333333333333,1,0.933333333333333,1,0.933333333333333,0.966666666666667,0.966666666666667,1,0.966666666666667,0.9,0.933333333333333,0.9,1,0.966666666666667,1,0.966666666666667,0.866666666666667,0.966666666666667,0.933333333333333,1,0.966666666666667,0.933333333333333,1,0.933333333333333,1,0.966666666666667,0.966666666666667,0.933333333333333,0.966666666666667,1,0.933333333333333,1,1,0.966666666666667,1,0.966666666666667,1,0.933333333333333,1,1,1,1,0.966666666666667,0.9,1,0.966666666666667,1,1,0.933333333333333,1,0.933333333333333,1,1,0.933333333333333,0.966666666666667,1,0.966666666666667,1,0.966666666666667,0.9,0.933333333333333,0.966666666666667,0.966666666666667,1,0.866666666666667,1,0.9,0.966666666666667,1,1,1,1,1,0.966666666666667,0.966666666666667,0.966666666666667,1,1,1,0.966666666666667,0.933333333333333,0.966666666666667,1,1,0.966666666666667
"pol_Domańska",1,1,1,1,1,1,1,1,1,1,1,1,1,1,1,1,1,1,1,1,0.966666666666667,1,1,1,1,1,1,1,1,1,1,1,1,1,1,1,1,1,1,1,1,1,1,1,1,1,1,1,1,1,1,1,1,1,1,1,1,1,1,1,1,1,1,1,1,1,1,1,1,1,1,1,1,1,1,1,0.966666666666667,1,1,1,1,1,1,1,1,1,1,1,1,1,1,1,1,1,1,1
"pol_Dołęga",0.833333333333333,0.633333333333333,0.866666666666667,0.866666666666667,0.866666666666667,0.766666666666667,0.833333333333333,0.966666666666667,0.9,0.966666666666667,0.966666666666667,0.966666666666667,1,1,1,1,0.966666666666667,1,0.966666666666667,0.966666666666667,0.966666666666667,1,0.966666666666667,1,1,0.966666666666667,0.966666666666667,0.966666666666667,0.933333333333333,1,1,0.933333333333333,0.933333333333333,0.966666666666667,0.933333333333333,0.966666666666667,1,0.966666666666667,0.966666666666667,1,1,1,0.966666666666667,1,1,1,1,1,1,0.966666666666667,1,0.966666666666667,1,1,0.933333333333333,1,0.966666666666667,1,0.866666666666667,0.966666666666667,0.966666666666667,0.966666666666667,1,0.966666666666667,0.933333333333333,1,1,1,1,0.966666666666667,1,0.966666666666667,0.966666666666667,0.933333333333333,0.933333333333333,0.9,1,0.966666666666667,0.933333333333333,0.866666666666667,0.933333333333333,0.966666666666667,0.933333333333333,0.9,0.933333333333333,0.933333333333333,0.966666666666667,0.9,0.966666666666667,0.933333333333333,0.866666666666667,0.9,0.966666666666667,0.866666666666667,1,0.9
"pol_Dygasiński",0.3,0.4,0.4,0.5,0.333333333333333,0.5,0.4,0.333333333333333,0.366666666666667,0.4,0.366666666666667,0.4,0.466666666666667,0.566666666666667,0.5,0.466666666666667,0.366666666666667,0.4,0.433333333333333,0.533333333333333,0.666666666666667,0.633333333333333,0.433333333333333,0.533333333333333,0.666666666666667,0.666666666666667,0.566666666666667,0.5,0.4,0.633333333333333,0.533333333333333,0.7,0.733333333333333,0.633333333333333,0.8,0.566666666666667,0.733333333333333,0.833333333333333,0.666666666666667,0.8,0.733333333333333,0.7,0.7,0.8,0.6,0.666666666666667,0.733333333333333,0.566666666666667,0.633333333333333,0.666666666666667,0.666666666666667,0.6,0.433333333333333,0.566666666666667,0.6,0.733333333333333,0.666666666666667,0.666666666666667,0.633333333333333,0.666666666666667,0.633333333333333,0.7,0.7,0.733333333333333,0.733333333333333,0.733333333333333,0.766666666666667,0.633333333333333,0.766666666666667,0.6,0.766666666666667,0.8,0.733333333333333,0.866666666666667,0.866666666666667,0.633333333333333,0.833333333333333,0.866666666666667,0.766666666666667,0.7,0.733333333333333,0.9,0.766666666666667,0.666666666666667,0.633333333333333,0.833333333333333,0.9,0.833333333333333,0.766666666666667,0.8,0.833333333333333,0.833333333333333,0.833333333333333,0.7,0.733333333333333,0.933333333333333
"pol_Godlewska",0.933333333333333,0.9,0.9,0.966666666666667,0.833333333333333,0.833333333333333,0.933333333333333,0.866666666666667,0.966666666666667,0.866666666666667,0.933333333333333,0.966666666666667,1,1,0.933333333333333,0.966666666666667,0.933333333333333,1,0.9,1,1,1,1,1,0.966666666666667,1,1,1,1,0.966666666666667,1,1,1,1,1,1,1,1,1,1,1,1,1,1,1,1,1,1,0.966666666666667,1,1,1,1,1,1,1,1,1,1,1,1,1,1,1,1,1,1,1,1,1,1,1,1,1,1,1,1,1,1,1,1,1,1,1,1,1,1,1,1,1,1,1,1,1,1,1
"pol_Grabiński",1,1,1,1,1,1,1,1,1,0.966666666666667,1,1,1,1,1,1,1,1,1,1,1,1,1,1,1,1,1,1,1,1,1,1,1,1,1,1,1,1,1,1,1,1,1,1,1,1,1,1,1,1,1,1,1,1,1,1,1,1,1,1,1,1,1,1,1,1,1,1,1,1,1,1,1,1,1,1,1,1,1,1,1,1,1,1,1,1,1,1,1,1,1,1,1,1,1,1
"pol_Grot-Bęczkowska",0.566666666666667,0.7,0.733333333333333,0.8,0.766666666666667,0.833333333333333,0.8,0.933333333333333,0.733333333333333,0.833333333333333,0.833333333333333,0.8,0.9,0.9,0.866666666666667,0.866666666666667,0.933333333333333,0.966666666666667,1,1,0.933333333333333,0.933333333333333,0.933333333333333,0.833333333333333,1,0.933333333333333,0.966666666666667,0.966666666666667,0.933333333333333,1,0.966666666666667,1,1,0.966666666666667,1,1,1,1,1,0.966666666666667,0.966666666666667,1,1,0.966666666666667,1,1,1,1,1,1,1,0.966666666666667,1,1,1,0.966666666666667,1,0.966666666666667,1,1,1,1,1,1,1,1,0.966666666666667,1,1,0.966666666666667,1,1,1,0.933333333333333,0.966666666666667,1,1,1,1,1,0.966666666666667,0.933333333333333,1,1,1,1,0.966666666666667,1,0.933333333333333,1,0.966666666666667,0.966666666666667,0.933333333333333,1,1,0.933333333333333
"pol_Kaczkowski",0.866666666666667,0.933333333333333,0.9,0.9,0.866666666666667,0.866666666666667,0.966666666666667,0.9,1,0.966666666666667,0.9,0.966666666666667,1,0.966666666666667,0.966666666666667,0.966666666666667,0.933333333333333,0.866666666666667,0.966666666666667,1,0.966666666666667,1,0.933333333333333,0.966666666666667,0.933333333333333,0.9,0.933333333333333,0.966666666666667,0.866666666666667,0.933333333333333,1,0.966666666666667,0.933333333333333,0.9,1,1,1,0.933333333333333,0.9,0.933333333333333,0.933333333333333,0.966666666666667,0.966666666666667,0.9,0.9,0.966666666666667,0.966666666666667,0.966666666666667,0.933333333333333,0.966666666666667,0.933333333333333,0.966666666666667,0.933333333333333,0.9,1,1,0.833333333333333,0.866666666666667,0.9,1,0.933333333333333,0.833333333333333,0.866666666666667,0.966666666666667,0.9,0.9,0.966666666666667,0.933333333333333,0.966666666666667,0.966666666666667,1,0.966666666666667,0.966666666666667,0.966666666666667,1,0.9,1,0.933333333333333,0.933333333333333,0.966666666666667,0.933333333333333,0.966666666666667,1,1,0.933333333333333,0.9,0.966666666666667,0.966666666666667,0.9,0.966666666666667,0.9,0.933333333333333,0.966666666666667,0.9,0.933333333333333,0.866666666666667
"pol_Korzeniowski",1,1,1,1,1,1,1,1,1,1,1,1,1,1,1,1,1,1,1,1,1,1,1,1,1,1,1,1,1,1,1,1,1,1,1,1,1,1,1,1,1,1,1,1,1,1,1,1,1,1,1,1,1,1,1,1,1,1,1,1,1,1,1,1,1,1,1,1,1,1,1,1,1,1,1,1,1,1,1,1,1,1,1,1,1,1,1,1,1,1,1,1,1,1,1,1
"pol_Kraszewski",1,1,0.966666666666667,1,1,1,1,1,1,1,0.966666666666667,0.966666666666667,1,1,1,1,1,1,1,1,1,1,1,1,1,1,1,1,1,1,1,1,1,1,1,1,1,1,1,1,1,1,1,1,1,1,1,1,1,1,1,1,1,1,1,1,1,1,1,1,0.966666666666667,1,1,1,1,1,1,1,1,1,1,1,1,1,1,1,1,1,1,1,1,1,1,1,1,1,1,1,1,1,1,1,1,1,1,1
"pol_Krzemieniecka",1,1,0.933333333333333,1,1,1,1,1,1,1,1,1,1,1,1,1,1,1,1,1,1,1,1,1,1,1,1,1,1,1,1,1,1,1,1,1,1,1,1,1,1,1,1,1,1,1,1,1,1,1,1,1,1,1,1,1,1,1,1,1,1,1,1,1,1,1,1,1,1,1,1,1,1,1,1,1,1,1,1,1,1,1,1,1,1,1,1,1,1,1,1,1,1,1,1,1
"pol_Marrené-Morzkowska",1,1,1,1,1,1,1,1,1,1,1,1,1,1,1,1,1,1,1,1,1,1,1,1,1,1,1,1,1,1,1,1,1,1,1,1,1,1,1,1,1,1,1,1,1,1,1,1,1,1,1,1,1,1,1,1,1,1,1,1,1,1,1,1,1,1,1,1,1,1,1,1,1,1,1,1,1,1,1,1,1,1,1,1,1,1,1,1,1,1,1,1,1,1,1,1
"pol_Mniszek",0.966666666666667,0.9,0.966666666666667,0.933333333333333,1,1,0.966666666666667,0.966666666666667,0.933333333333333,1,0.966666666666667,1,0.966666666666667,1,1,0.966666666666667,1,1,1,1,1,1,1,1,1,1,1,1,1,1,1,1,1,1,1,1,1,1,1,1,1,1,1,1,1,1,1,1,1,1,1,1,1,1,1,1,1,1,1,1,1,1,1,1,1,1,1,1,1,1,1,1,1,1,1,1,1,1,1,1,1,1,1,1,1,1,1,1,1,1,1,1,1,1,1,1
"pol_Morawska",0.9,1,0.966666666666667,1,1,1,1,1,1,0.933333333333333,1,1,0.966666666666667,1,1,0.933333333333333,1,1,1,1,1,0.966666666666667,1,0.933333333333333,0.966666666666667,0.966666666666667,1,1,1,1,1,1,1,1,1,1,1,1,1,1,1,1,1,1,1,1,1,1,1,1,1,1,1,1,1,1,1,1,1,1,1,1,1,1,1,1,1,0.966666666666667,1,1,1,1,1,1,1,1,1,1,1,0.966666666666667,1,1,1,1,1,1,1,1,1,1,1,1,1,1,1,1
"pol_Orzeszkowa",0.4,0.533333333333333,0.666666666666667,0.533333333333333,0.5,0.766666666666667,0.733333333333333,0.7,0.666666666666667,0.8,0.7,0.6,0.733333333333333,0.833333333333333,0.766666666666667,0.833333333333333,0.866666666666667,0.9,0.966666666666667,0.833333333333333,0.933333333333333,0.9,0.9,0.866666666666667,0.866666666666667,0.9,0.966666666666667,0.766666666666667,1,0.866666666666667,0.966666666666667,0.9,0.933333333333333,0.9,0.966666666666667,0.833333333333333,0.9,0.866666666666667,1,1,0.966666666666667,0.933333333333333,0.966666666666667,0.933333333333333,0.933333333333333,0.933333333333333,0.966666666666667,0.933333333333333,0.933333333333333,0.966666666666667,0.933333333333333,0.966666666666667,0.966666666666667,1,0.966666666666667,1,1,0.966666666666667,0.933333333333333,0.9,0.9,0.9,1,0.966666666666667,0.966666666666667,0.933333333333333,1,1,0.966666666666667,0.966666666666667,0.966666666666667,1,0.933333333333333,1,0.933333333333333,0.933333333333333,0.9,0.966666666666667,0.933333333333333,0.866666666666667,0.9,0.9,0.966666666666667,1,0.966666666666667,0.966666666666667,0.9,1,1,0.933333333333333,0.933333333333333,0.966666666666667,0.966666666666667,1,1,0.966666666666667
"pol_Papi",0.833333333333333,0.766666666666667,0.833333333333333,0.7,0.8,0.766666666666667,0.866666666666667,0.933333333333333,0.933333333333333,0.866666666666667,0.933333333333333,0.966666666666667,0.9,1,1,1,1,1,1,1,1,1,1,1,1,1,1,1,1,0.966666666666667,1,1,1,1,1,1,1,1,1,1,1,1,1,1,1,1,1,1,1,1,1,1,1,1,0.966666666666667,1,1,1,1,1,1,1,1,1,1,1,1,1,1,1,1,1,1,1,1,1,1,1,1,1,1,1,1,1,1,1,1,1,1,1,1,1,1,1,1,1
"pol_Prus",0.6,0.8,0.733333333333333,0.8,0.866666666666667,0.9,0.833333333333333,0.8,0.833333333333333,0.866666666666667,0.933333333333333,0.866666666666667,0.933333333333333,0.933333333333333,0.933333333333333,1,0.9,0.933333333333333,0.833333333333333,0.733333333333333,0.966666666666667,0.9,0.9,0.9,0.866666666666667,0.966666666666667,1,0.933333333333333,1,0.933333333333333,0.966666666666667,1,0.933333333333333,0.966666666666667,1,0.966666666666667,0.966666666666667,1,0.933333333333333,1,1,0.966666666666667,0.966666666666667,1,0.966666666666667,0.966666666666667,1,1,0.933333333333333,1,0.966666666666667,0.966666666666667,1,1,1,0.966666666666667,1,1,1,1,0.966666666666667,1,1,0.966666666666667,1,0.966666666666667,1,0.966666666666667,0.966666666666667,1,1,1,0.966666666666667,1,1,0.9,0.966666666666667,0.966666666666667,0.933333333333333,1,1,0.966666666666667,1,0.933333333333333,1,0.933333333333333,1,0.9,1,0.966666666666667,0.966666666666667,0.933333333333333,1,0.966666666666667,0.966666666666667,1
"pol_Reymont",0.4,0.466666666666667,0.433333333333333,0.633333333333333,0.5,0.6,0.6,0.633333333333333,0.566666666666667,0.666666666666667,0.633333333333333,0.666666666666667,0.633333333333333,0.666666666666667,0.666666666666667,0.666666666666667,0.666666666666667,0.666666666666667,0.666666666666667,0.666666666666667,0.633333333333333,0.666666666666667,0.666666666666667,0.633333333333333,0.666666666666667,0.666666666666667,0.666666666666667,0.666666666666667,0.666666666666667,0.666666666666667,0.666666666666667,0.666666666666667,0.666666666666667,0.666666666666667,0.666666666666667,0.666666666666667,0.666666666666667,0.666666666666667,0.666666666666667,0.666666666666667,0.666666666666667,0.666666666666667,0.666666666666667,0.666666666666667,0.666666666666667,0.666666666666667,0.666666666666667,0.666666666666667,0.666666666666667,0.666666666666667,0.7,0.666666666666667,0.666666666666667,0.666666666666667,0.666666666666667,0.666666666666667,0.666666666666667,0.666666666666667,0.666666666666667,0.666666666666667,0.666666666666667,0.666666666666667,0.666666666666667,0.666666666666667,0.666666666666667,0.666666666666667,0.666666666666667,0.666666666666667,0.666666666666667,0.666666666666667,0.666666666666667,0.666666666666667,0.666666666666667,0.666666666666667,0.666666666666667,0.666666666666667,0.666666666666667,0.666666666666667,0.666666666666667,0.666666666666667,0.666666666666667,0.666666666666667,0.666666666666667,0.666666666666667,0.666666666666667,0.666666666666667,0.666666666666667,0.666666666666667,0.666666666666667,0.666666666666667,0.666666666666667,0.666666666666667,0.666666666666667,0.666666666666667,0.666666666666667,0.666666666666667
"pol_Rodziewiczówna",0.666666666666667,0.633333333333333,0.666666666666667,0.666666666666667,0.666666666666667,0.666666666666667,0.666666666666667,0.666666666666667,0.633333333333333,0.666666666666667,0.666666666666667,0.666666666666667,0.666666666666667,0.7,0.733333333333333,0.666666666666667,0.666666666666667,0.666666666666667,0.666666666666667,0.666666666666667,0.666666666666667,0.7,0.666666666666667,0.7,0.733333333333333,0.666666666666667,0.666666666666667,0.733333333333333,0.7,0.666666666666667,0.666666666666667,0.666666666666667,0.733333333333333,0.666666666666667,0.7,0.666666666666667,0.733333333333333,0.7,0.7,0.7,0.7,0.666666666666667,0.733333333333333,0.7,0.7,0.7,0.666666666666667,0.666666666666667,0.733333333333333,0.733333333333333,0.666666666666667,0.666666666666667,0.633333333333333,0.7,0.666666666666667,0.666666666666667,0.733333333333333,0.7,0.666666666666667,0.666666666666667,0.666666666666667,0.733333333333333,0.7,0.7,0.666666666666667,0.666666666666667,0.666666666666667,0.7,0.666666666666667,0.666666666666667,0.666666666666667,0.666666666666667,0.666666666666667,0.666666666666667,0.666666666666667,0.666666666666667,0.7,0.666666666666667,0.666666666666667,0.666666666666667,0.7,0.666666666666667,0.666666666666667,0.666666666666667,0.666666666666667,0.666666666666667,0.7,0.666666666666667,0.7,0.666666666666667,0.666666666666667,0.666666666666667,0.666666666666667,0.666666666666667,0.7,0.7
"pol_Sienkiewicz",0,0.0333333333333333,0.0666666666666667,0,0.0666666666666667,0.1,0.0666666666666667,0.133333333333333,0.0666666666666667,0.3,0.2,0.266666666666667,0.166666666666667,0.3,0.4,0.466666666666667,0.4,0.466666666666667,0.4,0.4,0.533333333333333,0.433333333333333,0.533333333333333,0.733333333333333,0.566666666666667,0.533333333333333,0.7,0.666666666666667,0.666666666666667,0.6,0.633333333333333,0.6,0.666666666666667,0.6,0.533333333333333,0.533333333333333,0.6,0.533333333333333,0.666666666666667,0.633333333333333,0.666666666666667,0.666666666666667,0.566666666666667,0.5,0.666666666666667,0.566666666666667,0.5,0.566666666666667,0.733333333333333,0.633333333333333,0.633333333333333,0.633333333333333,0.466666666666667,0.6,0.6,0.533333333333333,0.566666666666667,0.4,0.5,0.633333333333333,0.566666666666667,0.666666666666667,0.533333333333333,0.666666666666667,0.6,0.433333333333333,0.566666666666667,0.533333333333333,0.533333333333333,0.5,0.7,0.433333333333333,0.366666666666667,0.633333333333333,0.5,0.633333333333333,0.466666666666667,0.566666666666667,0.566666666666667,0.466666666666667,0.666666666666667,0.6,0.533333333333333,0.7,0.466666666666667,0.433333333333333,0.566666666666667,0.533333333333333,0.5,0.466666666666667,0.533333333333333,0.4,0.5,0.466666666666667,0.566666666666667,0.5
"pol_Strug",0.8,0.8,0.766666666666667,0.933333333333333,0.933333333333333,0.933333333333333,0.966666666666667,1,1,1,1,1,1,0.966666666666667,1,1,1,1,1,1,1,1,1,1,1,1,1,1,1,1,0.966666666666667,1,1,1,1,1,1,1,1,1,1,1,1,1,0.966666666666667,1,1,1,1,1,1,1,1,1,1,1,1,1,1,1,1,1,1,1,1,1,1,1,1,1,1,1,1,1,1,1,1,1,1,1,1,1,1,1,1,1,1,1,1,1,1,1,1,1,1,1
"pol_Sygietyński",0.6,0.633333333333333,0.533333333333333,0.566666666666667,0.633333333333333,0.5,0.366666666666667,0.5,0.733333333333333,0.633333333333333,0.566666666666667,0.6,0.433333333333333,0.466666666666667,0.5,0.566666666666667,0.566666666666667,0.466666666666667,0.633333333333333,0.566666666666667,0.633333333333333,0.5,0.566666666666667,0.5,0.533333333333333,0.4,0.4,0.433333333333333,0.433333333333333,0.466666666666667,0.4,0.533333333333333,0.533333333333333,0.433333333333333,0.433333333333333,0.466666666666667,0.466666666666667,0.4,0.5,0.366666666666667,0.466666666666667,0.566666666666667,0.366666666666667,0.366666666666667,0.4,0.266666666666667,0.2,0.266666666666667,0.266666666666667,0.366666666666667,0.366666666666667,0.433333333333333,0.433333333333333,0.333333333333333,0.366666666666667,0.233333333333333,0.266666666666667,0.466666666666667,0.4,0.2,0.433333333333333,0.333333333333333,0.266666666666667,0.266666666666667,0.3,0.333333333333333,0.233333333333333,0.333333333333333,0.2,0.166666666666667,0.3,0.3,0.333333333333333,0.3,0.2,0.233333333333333,0.433333333333333,0.433333333333333,0.333333333333333,0.366666666666667,0.366666666666667,0.3,0.166666666666667,0.3,0.4,0.333333333333333,0.3,0.266666666666667,0.4,0.433333333333333,0.333333333333333,0.266666666666667,0.466666666666667,0.333333333333333,0.3,0.3
"pol_Weyssenhoff",0.9,0.9,0.933333333333333,0.866666666666667,0.966666666666667,1,1,1,1,1,1,1,1,1,1,1,1,0.966666666666667,1,1,1,0.966666666666667,1,1,0.966666666666667,1,0.966666666666667,1,1,1,1,1,0.966666666666667,1,1,0.966666666666667,0.966666666666667,1,1,1,1,1,1,1,1,1,0.933333333333333,1,0.966666666666667,1,1,1,1,1,1,1,1,1,1,1,1,1,1,1,1,0.966666666666667,1,0.966666666666667,0.966666666666667,0.966666666666667,1,1,0.966666666666667,1,1,0.966666666666667,1,1,0.966666666666667,1,1,0.966666666666667,1,0.966666666666667,1,1,0.966666666666667,1,0.966666666666667,0.966666666666667,1,0.966666666666667,1,0.966666666666667,1,0.966666666666667
"pol_Witkiewicz",1,1,1,1,1,1,1,1,1,1,1,1,1,1,1,1,1,1,1,1,1,1,1,1,1,1,1,1,1,1,1,1,1,1,1,1,1,1,1,1,1,1,1,1,1,1,1,1,1,1,1,1,1,1,1,1,1,1,1,1,1,1,1,1,1,1,1,1,1,1,1,1,1,1,1,1,1,1,1,1,1,1,1,1,1,1,1,1,1,1,1,1,1,1,1,1
"pol_Zapolska",0.8,0.833333333333333,0.733333333333333,0.8,0.766666666666667,0.733333333333333,0.8,0.833333333333333,0.933333333333333,0.9,0.9,0.933333333333333,0.933333333333333,0.9,0.966666666666667,1,0.966666666666667,1,1,0.933333333333333,1,1,1,0.966666666666667,1,0.966666666666667,1,1,0.933333333333333,0.966666666666667,1,0.966666666666667,1,1,1,1,0.966666666666667,0.966666666666667,1,1,1,1,1,0.966666666666667,0.966666666666667,0.966666666666667,1,1,1,0.966666666666667,1,1,1,1,1,1,0.966666666666667,1,1,1,0.966666666666667,0.966666666666667,1,1,1,1,1,1,1,1,1,1,1,1,1,1,1,1,1,1,1,1,1,1,1,1,1,0.966666666666667,1,1,1,1,1,1,1,1
"pol_Łoziński",0.666666666666667,0.666666666666667,0.633333333333333,0.666666666666667,0.666666666666667,0.666666666666667,0.666666666666667,0.666666666666667,0.666666666666667,0.666666666666667,0.666666666666667,0.666666666666667,0.666666666666667,0.666666666666667,0.666666666666667,0.666666666666667,0.666666666666667,0.666666666666667,0.666666666666667,0.666666666666667,0.666666666666667,0.666666666666667,0.666666666666667,0.666666666666667,0.666666666666667,0.666666666666667,0.666666666666667,0.666666666666667,0.666666666666667,0.666666666666667,0.666666666666667,0.666666666666667,0.666666666666667,0.666666666666667,0.666666666666667,0.666666666666667,0.666666666666667,0.666666666666667,0.666666666666667,0.666666666666667,0.666666666666667,0.666666666666667,0.666666666666667,0.666666666666667,0.666666666666667,0.666666666666667,0.666666666666667,0.666666666666667,0.666666666666667,0.666666666666667,0.666666666666667,0.666666666666667,0.666666666666667,0.666666666666667,0.666666666666667,0.666666666666667,0.666666666666667,0.666666666666667,0.666666666666667,0.666666666666667,0.666666666666667,0.666666666666667,0.666666666666667,0.666666666666667,0.666666666666667,0.666666666666667,0.666666666666667,0.666666666666667,0.666666666666667,0.666666666666667,0.666666666666667,0.666666666666667,0.666666666666667,0.666666666666667,0.666666666666667,0.666666666666667,0.666666666666667,0.666666666666667,0.666666666666667,0.666666666666667,0.666666666666667,0.666666666666667,0.666666666666667,0.666666666666667,0.666666666666667,0.666666666666667,0.666666666666667,0.666666666666667,0.666666666666667,0.666666666666667,0.666666666666667,0.666666666666667,0.666666666666667,0.666666666666667,0.666666666666667,0.666666666666667
"pol_Łuszczewska",0,0.0333333333333333,0.133333333333333,0.133333333333333,0.166666666666667,0.133333333333333,0.0666666666666667,0.1,0.2,0.0333333333333333,0.0666666666666667,0.1,0.166666666666667,0.133333333333333,0.133333333333333,0,0.166666666666667,0.1,0.166666666666667,0.2,0.2,0.266666666666667,0.2,0.2,0.133333333333333,0.0666666666666667,0.166666666666667,0.233333333333333,0.166666666666667,0.333333333333333,0.3,0.233333333333333,0.2,0.2,0.3,0.3,0.4,0.233333333333333,0.366666666666667,0.366666666666667,0.3,0.333333333333333,0.266666666666667,0.3,0.266666666666667,0.266666666666667,0.3,0.433333333333333,0.233333333333333,0.433333333333333,0.433333333333333,0.4,0.366666666666667,0.333333333333333,0.533333333333333,0.433333333333333,0.366666666666667,0.433333333333333,0.433333333333333,0.366666666666667,0.333333333333333,0.4,0.366666666666667,0.466666666666667,0.333333333333333,0.233333333333333,0.3,0.4,0.3,0.333333333333333,0.366666666666667,0.433333333333333,0.433333333333333,0.466666666666667,0.3,0.433333333333333,0.3,0.4,0.4,0.333333333333333,0.3,0.366666666666667,0.333333333333333,0.366666666666667,0.366666666666667,0.433333333333333,0.4,0.3,0.4,0.266666666666667,0.333333333333333,0.433333333333333,0.3,0.333333333333333,0.333333333333333,0.266666666666667
"pol_Świętochowski",0.966666666666667,0.933333333333333,1,1,1,1,1,1,1,1,1,1,1,1,1,1,1,1,1,1,1,1,1,1,1,1,1,1,1,1,1,1,1,1,1,1,1,1,1,1,1,1,1,1,1,1,1,1,1,1,1,1,1,1,1,1,1,1,1,1,1,1,1,1,1,1,1,1,1,1,1,1,1,1,1,1,1,1,1,1,0.966666666666667,1,1,1,1,1,1,1,0.966666666666667,1,1,1,0.966666666666667,1,0.966666666666667,1
"pol_Żeromski",0.666666666666667,0.8,0.8,0.8,0.9,0.7,0.833333333333333,0.733333333333333,0.766666666666667,0.8,0.933333333333333,0.966666666666667,0.966666666666667,0.966666666666667,0.933333333333333,1,0.933333333333333,1,1,0.9,0.933333333333333,0.966666666666667,0.933333333333333,1,0.966666666666667,0.966666666666667,0.933333333333333,0.933333333333333,1,0.833333333333333,0.966666666666667,0.866666666666667,0.966666666666667,0.966666666666667,0.9,0.966666666666667,1,0.9,0.933333333333333,0.933333333333333,0.9,0.966666666666667,1,0.933333333333333,0.966666666666667,1,0.9,0.933333333333333,0.966666666666667,1,0.966666666666667,0.9,0.966666666666667,0.966666666666667,1,0.966666666666667,0.966666666666667,0.966666666666667,0.966666666666667,1,1,1,1,1,1,0.966666666666667,1,1,0.933333333333333,0.933333333333333,1,1,0.966666666666667,1,1,1,0.933333333333333,1,1,0.966666666666667,1,0.966666666666667,0.933333333333333,0.966666666666667,1,1,1,1,1,0.933333333333333,0.966666666666667,0.966666666666667,1,1,1,1
"pol_Żmichowska",0.966666666666667,0.966666666666667,1,1,1,1,1,1,1,1,1,1,1,1,1,1,1,1,1,1,1,1,1,1,1,1,1,1,1,1,1,1,1,1,1,1,1,1,1,1,1,1,1,1,1,1,1,1,1,1,1,1,1,1,1,1,1,1,1,1,1,1,1,1,1,1,1,1,1,1,1,1,1,1,1,1,1,1,1,1,1,1,1,1,1,1,1,1,1,1,1,1,1,1,1,1
"pol_Żuławski",0.233333333333333,0.0666666666666667,0.1,0.166666666666667,0.166666666666667,0.266666666666667,0.233333333333333,0.233333333333333,0.3,0.1,0.2,0.166666666666667,0.233333333333333,0.233333333333333,0.433333333333333,0.433333333333333,0.4,0.433333333333333,0.566666666666667,0.5,0.6,0.666666666666667,0.566666666666667,0.633333333333333,0.5,0.433333333333333,0.566666666666667,0.733333333333333,0.633333333333333,0.7,0.666666666666667,0.566666666666667,0.6,0.633333333333333,0.766666666666667,0.7,0.7,0.6,0.666666666666667,0.733333333333333,0.7,0.833333333333333,0.766666666666667,0.966666666666667,0.933333333333333,0.733333333333333,0.8,0.733333333333333,0.766666666666667,0.7,0.566666666666667,0.8,0.766666666666667,0.833333333333333,0.733333333333333,0.733333333333333,0.833333333333333,0.8,0.733333333333333,0.666666666666667,0.833333333333333,0.8,0.766666666666667,0.733333333333333,0.766666666666667,0.9,0.766666666666667,0.733333333333333,0.733333333333333,0.7,0.733333333333333,0.8,0.8,0.8,0.8,0.7,0.7,0.733333333333333,0.733333333333333,0.866666666666667,0.9,0.766666666666667,0.766666666666667,0.9,0.9,0.866666666666667,0.733333333333333,0.8,0.766666666666667,0.766666666666667,0.733333333333333,0.866666666666667,0.833333333333333,0.833333333333333,0.833333333333333,0.833333333333333
"por_Barata",0.966666666666667,1,1,1,1,1,1,1,1,1,1,1,1,1,1,1,1,0.966666666666667,1,0.966666666666667,1,1,1,0.966666666666667,1,1,1,1,1,1,1,1,1,1,1,1,1,1,1,1,1,1,1,1,1,1,1,1,1,1,1,1,1,1,1,1,1,1,1,1,1,1,1,1,1,1,1,1,1,1,1,1,1,1,1,1,1,1,1,1,1,1,1,1,1,1,1,1,1,1,1,1,1,1,1,1
"por_Botelho",0.933333333333333,0.933333333333333,0.966666666666667,0.9,1,1,1,1,1,1,0.966666666666667,1,1,1,1,1,1,1,1,1,1,1,1,1,1,1,1,1,1,1,1,1,1,1,1,1,1,1,1,1,1,1,1,1,1,1,1,1,1,1,1,1,1,1,1,1,1,1,1,1,1,1,1,1,1,1,1,1,1,1,1,1,1,1,1,1,1,1,1,1,1,1,1,1,1,1,1,1,1,1,1,1,1,1,1,1
"por_Brandão",1,1,1,1,1,1,1,1,1,1,1,1,1,1,1,1,1,1,1,1,1,1,1,1,1,1,1,1,1,1,1,1,1,1,1,1,1,1,1,1,1,1,1,1,1,1,1,1,1,1,1,1,1,1,1,1,1,1,1,1,1,1,1,1,1,1,1,1,1,1,1,1,1,1,1,1,1,1,1,1,1,1,1,1,1,1,1,1,1,1,1,1,1,1,1,1
"por_CasteloBranco",0.966666666666667,0.966666666666667,1,0.966666666666667,0.966666666666667,0.966666666666667,0.966666666666667,1,1,1,0.9,0.933333333333333,0.966666666666667,0.966666666666667,1,0.966666666666667,1,0.9,1,0.966666666666667,0.966666666666667,1,0.933333333333333,0.933333333333333,1,0.966666666666667,0.9,0.933333333333333,0.966666666666667,0.966666666666667,0.933333333333333,1,0.966666666666667,1,0.933333333333333,0.866666666666667,1,0.966666666666667,0.966666666666667,0.9,0.9,0.9,0.866666666666667,0.9,0.933333333333333,0.9,0.9,0.833333333333333,0.933333333333333,0.933333333333333,0.833333333333333,0.933333333333333,0.9,0.8,0.9,0.933333333333333,0.933333333333333,0.866666666666667,0.833333333333333,0.866666666666667,0.833333333333333,0.9,0.866666666666667,0.866666666666667,0.866666666666667,0.9,0.9,0.833333333333333,0.866666666666667,0.833333333333333,0.9,0.8,0.9,0.8,0.833333333333333,0.9,0.8,0.733333333333333,0.733333333333333,0.8,0.766666666666667,0.8,0.8,0.766666666666667,0.733333333333333,0.733333333333333,0.766666666666667,0.733333333333333,0.766666666666667,0.8,0.8,0.8,0.733333333333333,0.766666666666667,0.733333333333333,0.833333333333333
"por_CastroOsório",0.833333333333333,0.8,0.833333333333333,0.766666666666667,0.866666666666667,0.9,0.866666666666667,0.866666666666667,0.8,0.833333333333333,0.866666666666667,0.8,0.833333333333333,0.733333333333333,0.866666666666667,0.866666666666667,0.9,0.766666666666667,0.866666666666667,0.766666666666667,0.866666666666667,0.8,0.833333333333333,0.8,0.766666666666667,0.9,0.866666666666667,0.933333333333333,0.833333333333333,0.833333333333333,0.866666666666667,0.866666666666667,0.933333333333333,0.866666666666667,0.9,0.9,0.9,0.933333333333333,0.9,0.866666666666667,0.866666666666667,0.933333333333333,0.966666666666667,0.933333333333333,0.833333333333333,0.866666666666667,0.866666666666667,0.966666666666667,0.966666666666667,0.9,0.866666666666667,0.966666666666667,0.933333333333333,0.933333333333333,0.9,0.933333333333333,0.9,0.9,0.9,0.933333333333333,0.933333333333333,0.933333333333333,0.933333333333333,0.966666666666667,0.933333333333333,0.933333333333333,0.933333333333333,0.9,0.933333333333333,0.933333333333333,0.966666666666667,0.933333333333333,0.933333333333333,0.966666666666667,1,1,0.966666666666667,0.9,1,0.933333333333333,0.933333333333333,0.9,0.866666666666667,1,1,0.966666666666667,0.966666666666667,0.966666666666667,0.933333333333333,1,1,0.966666666666667,0.933333333333333,1,0.966666666666667,1
"por_Dinis",1,1,0.966666666666667,1,1,1,1,1,1,1,1,1,1,1,1,1,1,1,0.966666666666667,1,1,1,1,1,1,1,1,1,1,1,1,1,1,1,1,1,1,1,1,1,1,1,1,1,1,1,1,1,1,1,1,1,1,1,1,1,1,1,1,1,1,1,1,1,1,1,1,1,1,1,1,1,1,1,1,1,1,1,1,1,1,1,1,1,1,1,1,1,1,1,1,1,1,1,1,1
"por_EçadeQueirós",0.633333333333333,0.666666666666667,0.666666666666667,0.666666666666667,0.666666666666667,0.666666666666667,0.666666666666667,0.666666666666667,0.633333333333333,0.666666666666667,0.666666666666667,0.666666666666667,0.666666666666667,0.666666666666667,0.7,0.666666666666667,0.666666666666667,0.666666666666667,0.666666666666667,0.666666666666667,0.666666666666667,0.666666666666667,0.666666666666667,0.666666666666667,0.666666666666667,0.666666666666667,0.666666666666667,0.7,0.7,0.7,0.7,0.666666666666667,0.666666666666667,0.666666666666667,0.666666666666667,0.666666666666667,0.666666666666667,0.666666666666667,0.7,0.666666666666667,0.666666666666667,0.666666666666667,0.666666666666667,0.7,0.666666666666667,0.666666666666667,0.666666666666667,0.666666666666667,0.7,0.666666666666667,0.666666666666667,0.666666666666667,0.666666666666667,0.666666666666667,0.7,0.7,0.666666666666667,0.666666666666667,0.666666666666667,0.666666666666667,0.666666666666667,0.666666666666667,0.666666666666667,0.666666666666667,0.666666666666667,0.666666666666667,0.666666666666667,0.666666666666667,0.666666666666667,0.666666666666667,0.666666666666667,0.666666666666667,0.666666666666667,0.666666666666667,0.666666666666667,0.666666666666667,0.666666666666667,0.666666666666667,0.666666666666667,0.666666666666667,0.666666666666667,0.7,0.666666666666667,0.666666666666667,0.666666666666667,0.666666666666667,0.666666666666667,0.666666666666667,0.666666666666667,0.666666666666667,0.666666666666667,0.666666666666667,0.7,0.666666666666667,0.666666666666667,0.666666666666667
"por_Herculano",1,1,1,1,1,1,1,1,1,1,1,1,1,1,1,1,1,0.966666666666667,1,1,1,1,1,1,1,1,1,1,1,1,1,1,1,1,1,1,1,1,1,1,1,1,1,1,1,1,1,1,1,1,1,1,1,1,1,1,1,1,1,1,1,1,1,1,1,1,1,1,1,1,1,1,1,1,1,1,1,1,1,1,1,1,1,1,1,1,1,1,1,1,1,1,1,1,1,1
"por_Pimentel",0.566666666666667,0.366666666666667,0.533333333333333,0.4,0.533333333333333,0.266666666666667,0.4,0.4,0.433333333333333,0.533333333333333,0.566666666666667,0.566666666666667,0.566666666666667,0.433333333333333,0.4,0.333333333333333,0.3,0.566666666666667,0.566666666666667,0.633333333333333,0.733333333333333,0.7,0.566666666666667,0.566666666666667,0.5,0.666666666666667,0.566666666666667,0.633333333333333,0.633333333333333,0.766666666666667,0.566666666666667,0.633333333333333,0.666666666666667,0.6,0.633333333333333,0.766666666666667,0.8,0.8,0.533333333333333,0.766666666666667,0.566666666666667,0.633333333333333,0.666666666666667,0.666666666666667,0.666666666666667,0.633333333333333,0.566666666666667,0.6,0.5,0.566666666666667,0.6,0.466666666666667,0.533333333333333,0.633333333333333,0.7,0.6,0.7,0.666666666666667,0.666666666666667,0.7,0.533333333333333,0.7,0.666666666666667,0.8,0.7,0.7,0.8,0.633333333333333,0.666666666666667,0.766666666666667,0.7,0.766666666666667,0.733333333333333,0.633333333333333,0.666666666666667,0.633333333333333,0.566666666666667,0.766666666666667,0.666666666666667,0.833333333333333,0.633333333333333,0.633333333333333,0.566666666666667,0.7,0.8,0.633333333333333,0.566666666666667,0.566666666666667,0.6,0.633333333333333,0.733333333333333,0.8,0.566666666666667,0.7,0.833333333333333,0.633333333333333
"rom_Bolintineanu",0.633333333333333,0.7,0.7,0.7,0.7,0.733333333333333,0.766666666666667,0.766666666666667,0.766666666666667,0.733333333333333,0.766666666666667,0.833333333333333,0.866666666666667,0.866666666666667,0.866666666666667,0.966666666666667,0.933333333333333,1,0.9,0.9,0.9,0.9,1,0.9,0.933333333333333,0.933333333333333,0.9,0.866666666666667,0.9,0.933333333333333,0.866666666666667,0.9,0.966666666666667,0.933333333333333,0.933333333333333,0.866666666666667,0.833333333333333,0.9,0.9,0.933333333333333,0.966666666666667,0.9,0.9,0.966666666666667,0.866666666666667,0.966666666666667,0.966666666666667,0.833333333333333,0.966666666666667,0.933333333333333,0.9,0.966666666666667,0.933333333333333,0.966666666666667,0.866666666666667,0.9,0.933333333333333,1,1,1,0.966666666666667,1,0.866666666666667,0.966666666666667,0.966666666666667,1,1,0.966666666666667,1,0.966666666666667,0.933333333333333,0.966666666666667,0.966666666666667,0.966666666666667,1,0.9,1,0.966666666666667,0.966666666666667,0.966666666666667,0.966666666666667,0.933333333333333,0.933333333333333,0.933333333333333,0.966666666666667,0.933333333333333,1,0.933333333333333,0.9,0.966666666666667,0.933333333333333,1,1,0.933333333333333,0.966666666666667,1
"rom_Demetrius",0.966666666666667,1,1,1,1,1,1,1,1,1,1,1,1,1,1,1,1,1,1,1,1,1,1,1,1,1,1,1,1,1,1,1,1,1,1,1,1,1,1,1,1,1,1,1,1,1,1,1,1,1,1,1,1,1,1,1,1,1,1,1,1,1,1,1,1,1,1,1,1,1,1,1,1,1,1,1,1,1,1,1,1,1,1,1,1,1,1,1,1,1,1,1,1,1,1,1
"rom_Ionescu",0.7,0.666666666666667,0.766666666666667,0.666666666666667,0.7,0.6,0.7,0.633333333333333,0.666666666666667,0.666666666666667,0.7,0.733333333333333,0.666666666666667,0.7,0.733333333333333,0.733333333333333,0.666666666666667,0.7,0.7,0.7,0.8,0.666666666666667,0.7,0.7,0.7,0.7,0.733333333333333,0.7,0.666666666666667,0.666666666666667,0.733333333333333,0.7,0.766666666666667,0.766666666666667,0.766666666666667,0.7,0.733333333333333,0.8,0.8,0.766666666666667,0.8,0.866666666666667,0.833333333333333,0.766666666666667,0.866666666666667,0.833333333333333,0.9,0.866666666666667,0.766666666666667,0.833333333333333,0.8,0.866666666666667,0.8,0.866666666666667,0.833333333333333,0.966666666666667,0.866666666666667,0.933333333333333,1,0.933333333333333,0.9,0.966666666666667,0.966666666666667,0.933333333333333,0.9,1,0.866666666666667,1,0.9,0.933333333333333,0.933333333333333,0.9,0.933333333333333,0.933333333333333,0.933333333333333,0.966666666666667,0.933333333333333,0.966666666666667,0.966666666666667,0.966666666666667,1,1,0.966666666666667,1,0.966666666666667,0.966666666666667,0.933333333333333,0.933333333333333,0.966666666666667,0.966666666666667,0.933333333333333,0.966666666666667,0.966666666666667,1,1,1
"rom_Lecca",1,1,1,1,1,1,1,1,1,1,1,1,1,1,1,1,1,1,1,1,1,1,1,1,1,1,1,1,1,1,1,1,1,1,1,1,1,1,1,1,1,1,1,1,1,1,1,1,1,1,1,1,1,1,1,1,1,1,1,1,1,1,1,1,1,1,1,1,1,1,1,1,1,1,1,1,1,1,1,1,1,1,1,1,1,1,1,1,1,1,1,1,1,1,1,1
"rom_Moruzi",0.966666666666667,1,1,1,1,1,1,1,1,1,1,1,1,1,1,1,1,1,1,1,1,1,1,0.966666666666667,1,1,1,1,1,1,1,1,1,1,1,0.966666666666667,1,1,1,1,1,1,1,1,1,1,1,1,1,1,1,1,1,1,1,1,1,1,1,1,1,1,1,1,1,1,1,0.966666666666667,1,1,1,1,1,1,1,1,1,1,1,1,1,1,1,1,1,1,1,1,1,1,1,1,1,1,0.966666666666667,1
"rom_Nadejde",1,1,1,1,1,1,1,1,1,1,1,1,1,1,1,1,1,1,1,1,1,1,1,1,1,1,1,1,1,1,1,1,1,1,1,1,1,1,1,1,1,1,1,1,1,1,1,1,1,1,1,1,1,1,1,1,1,1,1,1,1,1,1,1,1,1,1,1,1,1,1,1,1,1,1,1,1,1,1,1,1,1,1,1,1,1,1,1,1,1,1,1,1,1,1,1
"rom_Pop-Florantin",0.9,0.866666666666667,0.9,0.966666666666667,0.833333333333333,0.9,0.833333333333333,0.966666666666667,0.933333333333333,0.966666666666667,0.966666666666667,0.966666666666667,0.966666666666667,0.966666666666667,0.966666666666667,0.966666666666667,1,0.966666666666667,0.9,0.966666666666667,0.966666666666667,0.966666666666667,0.933333333333333,0.933333333333333,0.933333333333333,1,0.933333333333333,0.933333333333333,0.9,0.866666666666667,0.933333333333333,0.933333333333333,0.866666666666667,0.9,0.933333333333333,0.933333333333333,0.966666666666667,0.933333333333333,0.866666666666667,0.933333333333333,0.9,0.9,0.866666666666667,0.9,0.933333333333333,0.9,0.8,0.933333333333333,0.9,0.9,0.866666666666667,0.866666666666667,0.933333333333333,0.9,0.933333333333333,0.9,0.966666666666667,0.933333333333333,0.9,0.966666666666667,0.966666666666667,0.9,0.9,0.966666666666667,0.866666666666667,0.933333333333333,1,0.966666666666667,0.966666666666667,0.966666666666667,0.966666666666667,0.966666666666667,0.9,0.866666666666667,0.966666666666667,1,0.966666666666667,0.966666666666667,0.966666666666667,1,0.933333333333333,0.933333333333333,0.966666666666667,0.933333333333333,0.933333333333333,0.933333333333333,1,0.966666666666667,1,0.933333333333333,1,1,1,1,1,1
"rom_Popescu",0.7,0.666666666666667,0.6,0.733333333333333,0.633333333333333,0.7,0.733333333333333,0.666666666666667,0.733333333333333,0.7,0.7,0.8,0.766666666666667,0.733333333333333,0.766666666666667,0.866666666666667,0.833333333333333,0.833333333333333,0.866666666666667,0.866666666666667,0.8,0.9,0.766666666666667,0.833333333333333,0.733333333333333,0.733333333333333,0.733333333333333,0.666666666666667,0.733333333333333,0.733333333333333,0.866666666666667,0.866666666666667,0.866666666666667,0.8,0.866666666666667,0.833333333333333,0.833333333333333,0.866666666666667,0.933333333333333,0.866666666666667,0.833333333333333,0.833333333333333,0.9,0.9,0.833333333333333,0.833333333333333,0.8,0.866666666666667,0.833333333333333,0.7,0.766666666666667,0.8,0.766666666666667,0.766666666666667,0.766666666666667,0.766666666666667,0.733333333333333,0.8,0.733333333333333,0.8,0.766666666666667,0.733333333333333,0.766666666666667,0.733333333333333,0.733333333333333,0.833333333333333,0.866666666666667,0.766666666666667,0.833333333333333,0.766666666666667,0.766666666666667,0.7,0.866666666666667,0.766666666666667,0.733333333333333,0.8,0.766666666666667,0.8,0.766666666666667,0.733333333333333,0.7,0.733333333333333,0.8,0.8,0.733333333333333,0.766666666666667,0.833333333333333,0.733333333333333,0.8,0.766666666666667,0.833333333333333,0.8,0.8,0.8,0.9,0.8
"rom_Slavici",0.666666666666667,0.666666666666667,0.666666666666667,0.7,0.666666666666667,0.7,0.666666666666667,0.666666666666667,0.666666666666667,0.666666666666667,0.7,0.666666666666667,0.666666666666667,0.666666666666667,0.666666666666667,0.666666666666667,0.666666666666667,0.7,0.666666666666667,0.666666666666667,0.666666666666667,0.666666666666667,0.666666666666667,0.7,0.7,0.666666666666667,0.666666666666667,0.7,0.666666666666667,0.666666666666667,0.666666666666667,0.666666666666667,0.7,0.7,0.666666666666667,0.666666666666667,0.733333333333333,0.7,0.7,0.7,0.7,0.666666666666667,0.7,0.733333333333333,0.666666666666667,0.666666666666667,0.666666666666667,0.666666666666667,0.666666666666667,0.666666666666667,0.7,0.666666666666667,0.666666666666667,0.7,0.666666666666667,0.7,0.666666666666667,0.7,0.666666666666667,0.666666666666667,0.666666666666667,0.733333333333333,0.666666666666667,0.7,0.666666666666667,0.666666666666667,0.7,0.7,0.7,0.766666666666667,0.666666666666667,0.733333333333333,0.7,0.666666666666667,0.766666666666667,0.7,0.733333333333333,0.766666666666667,0.733333333333333,0.7,0.7,0.733333333333333,0.733333333333333,0.8,0.733333333333333,0.833333333333333,0.8,0.733333333333333,0.833333333333333,0.766666666666667,0.8,0.7,0.733333333333333,0.766666666666667,0.833333333333333,0.733333333333333
"rom_Zamfirescu",0.9,1,0.9,0.9,0.966666666666667,0.966666666666667,0.933333333333333,0.866666666666667,0.933333333333333,0.866666666666667,0.866666666666667,1,0.933333333333333,0.9,0.933333333333333,0.866666666666667,0.933333333333333,0.9,0.9,0.966666666666667,0.9,0.966666666666667,0.966666666666667,0.933333333333333,0.933333333333333,0.966666666666667,0.866666666666667,0.966666666666667,0.9,0.933333333333333,1,1,0.966666666666667,0.966666666666667,0.933333333333333,1,0.933333333333333,0.933333333333333,0.966666666666667,0.966666666666667,0.966666666666667,1,0.933333333333333,0.966666666666667,0.933333333333333,0.9,1,0.933333333333333,0.966666666666667,0.933333333333333,0.933333333333333,0.966666666666667,0.966666666666667,0.9,1,0.833333333333333,0.933333333333333,0.966666666666667,0.9,0.9,0.866666666666667,0.933333333333333,0.933333333333333,0.9,0.866666666666667,0.966666666666667,0.8,0.9,0.866666666666667,0.833333333333333,0.833333333333333,0.733333333333333,0.9,0.833333333333333,0.833333333333333,0.833333333333333,0.9,0.8,0.8,0.8,0.8,0.733333333333333,0.866666666666667,0.8,0.866666666666667,0.9,0.9,0.9,0.866666666666667,0.9,0.933333333333333,0.766666666666667,0.766666666666667,0.833333333333333,0.9,0.9
